21:38:41.454 [32m[nioEventLoopGroup-5-1][0;39m ERROR [34mc.f.c.p.n.h.KeNaiStrategySelectHandler[0;39m - [exceptionCaught,70] - exceptionCaught : Adjusted frame length exceeds 1024: 8960 - discarded
21:39:08.387 [32m[com.alibaba.nacos.client.remote.worker][0;39m ERROR [34mc.a.n.c.r.c.g.GrpcClient[0;39m - [printIfErrorEnabled,99] - Server check fail, please check server 123.249.79.51 ,port 9848 is available , error ={}
java.util.concurrent.ExecutionException: com.alibaba.nacos.shaded.io.grpc.StatusRuntimeException: UNAVAILABLE: io exception
	at com.alibaba.nacos.shaded.com.google.common.util.concurrent.AbstractFuture.getDoneValue(AbstractFuture.java:566)
	at com.alibaba.nacos.shaded.com.google.common.util.concurrent.AbstractFuture.get(AbstractFuture.java:445)
	at com.alibaba.nacos.common.remote.client.grpc.GrpcClient.serverCheck(GrpcClient.java:148)
	at com.alibaba.nacos.common.remote.client.grpc.GrpcClient.connectToServer(GrpcClient.java:264)
	at com.alibaba.nacos.common.remote.client.RpcClient.reconnect(RpcClient.java:522)
	at com.alibaba.nacos.common.remote.client.RpcClient.lambda$start$2(RpcClient.java:370)
	at java.util.concurrent.Executors$RunnableAdapter.call(Executors.java:511)
	at java.util.concurrent.FutureTask.run$$$capture(FutureTask.java:266)
	at java.util.concurrent.FutureTask.run(FutureTask.java)
	at java.util.concurrent.ScheduledThreadPoolExecutor$ScheduledFutureTask.access$201(ScheduledThreadPoolExecutor.java:180)
	at java.util.concurrent.ScheduledThreadPoolExecutor$ScheduledFutureTask.run(ScheduledThreadPoolExecutor.java:293)
	at java.util.concurrent.ThreadPoolExecutor.runWorker(ThreadPoolExecutor.java:1149)
	at java.util.concurrent.ThreadPoolExecutor$Worker.run(ThreadPoolExecutor.java:624)
	at java.lang.Thread.run(Thread.java:750)
Caused by: com.alibaba.nacos.shaded.io.grpc.StatusRuntimeException: UNAVAILABLE: io exception
	at com.alibaba.nacos.shaded.io.grpc.Status.asRuntimeException(Status.java:533)
	at com.alibaba.nacos.shaded.io.grpc.stub.ClientCalls$UnaryStreamToFuture.onClose(ClientCalls.java:490)
	at com.alibaba.nacos.shaded.io.grpc.PartialForwardingClientCallListener.onClose(PartialForwardingClientCallListener.java:39)
	at com.alibaba.nacos.shaded.io.grpc.ForwardingClientCallListener.onClose(ForwardingClientCallListener.java:23)
	at com.alibaba.nacos.shaded.io.grpc.ForwardingClientCallListener$SimpleForwardingClientCallListener.onClose(ForwardingClientCallListener.java:40)
	at com.alibaba.nacos.shaded.io.grpc.internal.CensusStatsModule$StatsClientInterceptor$1$1.onClose(CensusStatsModule.java:700)
	at com.alibaba.nacos.shaded.io.grpc.PartialForwardingClientCallListener.onClose(PartialForwardingClientCallListener.java:39)
	at com.alibaba.nacos.shaded.io.grpc.ForwardingClientCallListener.onClose(ForwardingClientCallListener.java:23)
	at com.alibaba.nacos.shaded.io.grpc.ForwardingClientCallListener$SimpleForwardingClientCallListener.onClose(ForwardingClientCallListener.java:40)
	at com.alibaba.nacos.shaded.io.grpc.internal.CensusTracingModule$TracingClientInterceptor$1$1.onClose(CensusTracingModule.java:399)
	at com.alibaba.nacos.shaded.io.grpc.internal.ClientCallImpl.closeObserver(ClientCallImpl.java:510)
	at com.alibaba.nacos.shaded.io.grpc.internal.ClientCallImpl.access$300(ClientCallImpl.java:66)
	at com.alibaba.nacos.shaded.io.grpc.internal.ClientCallImpl$ClientStreamListenerImpl.close(ClientCallImpl.java:630)
	at com.alibaba.nacos.shaded.io.grpc.internal.ClientCallImpl$ClientStreamListenerImpl.access$700(ClientCallImpl.java:518)
	at com.alibaba.nacos.shaded.io.grpc.internal.ClientCallImpl$ClientStreamListenerImpl$1StreamClosed.runInternal(ClientCallImpl.java:692)
	at com.alibaba.nacos.shaded.io.grpc.internal.ClientCallImpl$ClientStreamListenerImpl$1StreamClosed.runInContext(ClientCallImpl.java:681)
	at com.alibaba.nacos.shaded.io.grpc.internal.ContextRunnable.run(ContextRunnable.java:37)
	at com.alibaba.nacos.shaded.io.grpc.internal.SerializingExecutor.run(SerializingExecutor.java:123)
	... 3 common frames omitted
Caused by: com.alibaba.nacos.shaded.io.grpc.netty.shaded.io.netty.channel.AbstractChannel$AnnotatedSocketException: Network is unreachable: /123.249.79.51:9848
Caused by: java.net.SocketException: Network is unreachable
	at sun.nio.ch.Net.connect0(Native Method)
	at sun.nio.ch.Net.connect(Net.java:459)
	at sun.nio.ch.Net.connect(Net.java:451)
	at sun.nio.ch.SocketChannelImpl.connect(SocketChannelImpl.java:646)
	at com.alibaba.nacos.shaded.io.grpc.netty.shaded.io.netty.util.internal.SocketUtils$3.run(SocketUtils.java:83)
	at com.alibaba.nacos.shaded.io.grpc.netty.shaded.io.netty.util.internal.SocketUtils$3.run(SocketUtils.java:80)
	at java.security.AccessController.doPrivileged(Native Method)
	at com.alibaba.nacos.shaded.io.grpc.netty.shaded.io.netty.util.internal.SocketUtils.connect(SocketUtils.java:80)
	at com.alibaba.nacos.shaded.io.grpc.netty.shaded.io.netty.channel.socket.nio.NioSocketChannel.doConnect(NioSocketChannel.java:312)
	at com.alibaba.nacos.shaded.io.grpc.netty.shaded.io.netty.channel.nio.AbstractNioChannel$AbstractNioUnsafe.connect(AbstractNioChannel.java:250)
	at com.alibaba.nacos.shaded.io.grpc.netty.shaded.io.netty.channel.DefaultChannelPipeline$HeadContext.connect(DefaultChannelPipeline.java:1353)
	at com.alibaba.nacos.shaded.io.grpc.netty.shaded.io.netty.channel.AbstractChannelHandlerContext.invokeConnect(AbstractChannelHandlerContext.java:547)
	at com.alibaba.nacos.shaded.io.grpc.netty.shaded.io.netty.channel.AbstractChannelHandlerContext.connect(AbstractChannelHandlerContext.java:532)
	at com.alibaba.nacos.shaded.io.grpc.netty.shaded.io.netty.channel.ChannelDuplexHandler.connect(ChannelDuplexHandler.java:54)
	at com.alibaba.nacos.shaded.io.grpc.netty.shaded.io.grpc.netty.WriteBufferingAndExceptionHandler.connect(WriteBufferingAndExceptionHandler.java:150)
	at com.alibaba.nacos.shaded.io.grpc.netty.shaded.io.netty.channel.AbstractChannelHandlerContext.invokeConnect(AbstractChannelHandlerContext.java:547)
	at com.alibaba.nacos.shaded.io.grpc.netty.shaded.io.netty.channel.AbstractChannelHandlerContext.access$1000(AbstractChannelHandlerContext.java:56)
	at com.alibaba.nacos.shaded.io.grpc.netty.shaded.io.netty.channel.AbstractChannelHandlerContext$9.run(AbstractChannelHandlerContext.java:537)
	at com.alibaba.nacos.shaded.io.grpc.netty.shaded.io.netty.util.concurrent.AbstractEventExecutor.safeExecute(AbstractEventExecutor.java:163)
	at com.alibaba.nacos.shaded.io.grpc.netty.shaded.io.netty.util.concurrent.SingleThreadEventExecutor.runAllTasks(SingleThreadEventExecutor.java:416)
	at com.alibaba.nacos.shaded.io.grpc.netty.shaded.io.netty.channel.nio.NioEventLoop.run(NioEventLoop.java:515)
	at com.alibaba.nacos.shaded.io.grpc.netty.shaded.io.netty.util.concurrent.SingleThreadEventExecutor$5.run(SingleThreadEventExecutor.java:918)
	at com.alibaba.nacos.shaded.io.grpc.netty.shaded.io.netty.util.internal.ThreadExecutorMap$2.run(ThreadExecutorMap.java:74)
	at com.alibaba.nacos.shaded.io.grpc.netty.shaded.io.netty.util.concurrent.FastThreadLocalRunnable.run(FastThreadLocalRunnable.java:30)
	at java.lang.Thread.run(Thread.java:750)
21:39:08.504 [32m[com.alibaba.nacos.client.remote.worker][0;39m ERROR [34mc.a.n.c.r.c.g.GrpcClient[0;39m - [printIfErrorEnabled,99] - Server check fail, please check server 123.249.79.51 ,port 9848 is available , error ={}
java.util.concurrent.ExecutionException: com.alibaba.nacos.shaded.io.grpc.StatusRuntimeException: UNAVAILABLE: io exception
	at com.alibaba.nacos.shaded.com.google.common.util.concurrent.AbstractFuture.getDoneValue(AbstractFuture.java:566)
	at com.alibaba.nacos.shaded.com.google.common.util.concurrent.AbstractFuture.get(AbstractFuture.java:445)
	at com.alibaba.nacos.common.remote.client.grpc.GrpcClient.serverCheck(GrpcClient.java:148)
	at com.alibaba.nacos.common.remote.client.grpc.GrpcClient.connectToServer(GrpcClient.java:264)
	at com.alibaba.nacos.common.remote.client.RpcClient.reconnect(RpcClient.java:522)
	at com.alibaba.nacos.common.remote.client.RpcClient.lambda$start$2(RpcClient.java:370)
	at java.util.concurrent.Executors$RunnableAdapter.call(Executors.java:511)
	at java.util.concurrent.FutureTask.run$$$capture(FutureTask.java:266)
	at java.util.concurrent.FutureTask.run(FutureTask.java)
	at java.util.concurrent.ScheduledThreadPoolExecutor$ScheduledFutureTask.access$201(ScheduledThreadPoolExecutor.java:180)
	at java.util.concurrent.ScheduledThreadPoolExecutor$ScheduledFutureTask.run(ScheduledThreadPoolExecutor.java:293)
	at java.util.concurrent.ThreadPoolExecutor.runWorker(ThreadPoolExecutor.java:1149)
	at java.util.concurrent.ThreadPoolExecutor$Worker.run(ThreadPoolExecutor.java:624)
	at java.lang.Thread.run(Thread.java:750)
Caused by: com.alibaba.nacos.shaded.io.grpc.StatusRuntimeException: UNAVAILABLE: io exception
	at com.alibaba.nacos.shaded.io.grpc.Status.asRuntimeException(Status.java:533)
	at com.alibaba.nacos.shaded.io.grpc.stub.ClientCalls$UnaryStreamToFuture.onClose(ClientCalls.java:490)
	at com.alibaba.nacos.shaded.io.grpc.PartialForwardingClientCallListener.onClose(PartialForwardingClientCallListener.java:39)
	at com.alibaba.nacos.shaded.io.grpc.ForwardingClientCallListener.onClose(ForwardingClientCallListener.java:23)
	at com.alibaba.nacos.shaded.io.grpc.ForwardingClientCallListener$SimpleForwardingClientCallListener.onClose(ForwardingClientCallListener.java:40)
	at com.alibaba.nacos.shaded.io.grpc.internal.CensusStatsModule$StatsClientInterceptor$1$1.onClose(CensusStatsModule.java:700)
	at com.alibaba.nacos.shaded.io.grpc.PartialForwardingClientCallListener.onClose(PartialForwardingClientCallListener.java:39)
	at com.alibaba.nacos.shaded.io.grpc.ForwardingClientCallListener.onClose(ForwardingClientCallListener.java:23)
	at com.alibaba.nacos.shaded.io.grpc.ForwardingClientCallListener$SimpleForwardingClientCallListener.onClose(ForwardingClientCallListener.java:40)
	at com.alibaba.nacos.shaded.io.grpc.internal.CensusTracingModule$TracingClientInterceptor$1$1.onClose(CensusTracingModule.java:399)
	at com.alibaba.nacos.shaded.io.grpc.internal.ClientCallImpl.closeObserver(ClientCallImpl.java:510)
	at com.alibaba.nacos.shaded.io.grpc.internal.ClientCallImpl.access$300(ClientCallImpl.java:66)
	at com.alibaba.nacos.shaded.io.grpc.internal.ClientCallImpl$ClientStreamListenerImpl.close(ClientCallImpl.java:630)
	at com.alibaba.nacos.shaded.io.grpc.internal.ClientCallImpl$ClientStreamListenerImpl.access$700(ClientCallImpl.java:518)
	at com.alibaba.nacos.shaded.io.grpc.internal.ClientCallImpl$ClientStreamListenerImpl$1StreamClosed.runInternal(ClientCallImpl.java:692)
	at com.alibaba.nacos.shaded.io.grpc.internal.ClientCallImpl$ClientStreamListenerImpl$1StreamClosed.runInContext(ClientCallImpl.java:681)
	at com.alibaba.nacos.shaded.io.grpc.internal.ContextRunnable.run(ContextRunnable.java:37)
	at com.alibaba.nacos.shaded.io.grpc.internal.SerializingExecutor.run(SerializingExecutor.java:123)
	... 3 common frames omitted
Caused by: com.alibaba.nacos.shaded.io.grpc.netty.shaded.io.netty.channel.AbstractChannel$AnnotatedSocketException: Network is unreachable: /123.249.79.51:9848
Caused by: java.net.SocketException: Network is unreachable
	at sun.nio.ch.Net.connect0(Native Method)
	at sun.nio.ch.Net.connect(Net.java:459)
	at sun.nio.ch.Net.connect(Net.java:451)
	at sun.nio.ch.SocketChannelImpl.connect(SocketChannelImpl.java:646)
	at com.alibaba.nacos.shaded.io.grpc.netty.shaded.io.netty.util.internal.SocketUtils$3.run(SocketUtils.java:83)
	at com.alibaba.nacos.shaded.io.grpc.netty.shaded.io.netty.util.internal.SocketUtils$3.run(SocketUtils.java:80)
	at java.security.AccessController.doPrivileged(Native Method)
	at com.alibaba.nacos.shaded.io.grpc.netty.shaded.io.netty.util.internal.SocketUtils.connect(SocketUtils.java:80)
	at com.alibaba.nacos.shaded.io.grpc.netty.shaded.io.netty.channel.socket.nio.NioSocketChannel.doConnect(NioSocketChannel.java:312)
	at com.alibaba.nacos.shaded.io.grpc.netty.shaded.io.netty.channel.nio.AbstractNioChannel$AbstractNioUnsafe.connect(AbstractNioChannel.java:250)
	at com.alibaba.nacos.shaded.io.grpc.netty.shaded.io.netty.channel.DefaultChannelPipeline$HeadContext.connect(DefaultChannelPipeline.java:1353)
	at com.alibaba.nacos.shaded.io.grpc.netty.shaded.io.netty.channel.AbstractChannelHandlerContext.invokeConnect(AbstractChannelHandlerContext.java:547)
	at com.alibaba.nacos.shaded.io.grpc.netty.shaded.io.netty.channel.AbstractChannelHandlerContext.connect(AbstractChannelHandlerContext.java:532)
	at com.alibaba.nacos.shaded.io.grpc.netty.shaded.io.netty.channel.ChannelDuplexHandler.connect(ChannelDuplexHandler.java:54)
	at com.alibaba.nacos.shaded.io.grpc.netty.shaded.io.grpc.netty.WriteBufferingAndExceptionHandler.connect(WriteBufferingAndExceptionHandler.java:150)
	at com.alibaba.nacos.shaded.io.grpc.netty.shaded.io.netty.channel.AbstractChannelHandlerContext.invokeConnect(AbstractChannelHandlerContext.java:547)
	at com.alibaba.nacos.shaded.io.grpc.netty.shaded.io.netty.channel.AbstractChannelHandlerContext.access$1000(AbstractChannelHandlerContext.java:56)
	at com.alibaba.nacos.shaded.io.grpc.netty.shaded.io.netty.channel.AbstractChannelHandlerContext$9.run(AbstractChannelHandlerContext.java:537)
	at com.alibaba.nacos.shaded.io.grpc.netty.shaded.io.netty.util.concurrent.AbstractEventExecutor.safeExecute(AbstractEventExecutor.java:163)
	at com.alibaba.nacos.shaded.io.grpc.netty.shaded.io.netty.util.concurrent.SingleThreadEventExecutor.runAllTasks(SingleThreadEventExecutor.java:416)
	at com.alibaba.nacos.shaded.io.grpc.netty.shaded.io.netty.channel.nio.NioEventLoop.run(NioEventLoop.java:515)
	at com.alibaba.nacos.shaded.io.grpc.netty.shaded.io.netty.util.concurrent.SingleThreadEventExecutor$5.run(SingleThreadEventExecutor.java:918)
	at com.alibaba.nacos.shaded.io.grpc.netty.shaded.io.netty.util.internal.ThreadExecutorMap$2.run(ThreadExecutorMap.java:74)
	at com.alibaba.nacos.shaded.io.grpc.netty.shaded.io.netty.util.concurrent.FastThreadLocalRunnable.run(FastThreadLocalRunnable.java:30)
	at java.lang.Thread.run(Thread.java:750)
21:39:08.715 [32m[com.alibaba.nacos.client.remote.worker][0;39m ERROR [34mc.a.n.c.r.c.g.GrpcClient[0;39m - [printIfErrorEnabled,99] - Server check fail, please check server 123.249.79.51 ,port 9848 is available , error ={}
java.util.concurrent.ExecutionException: com.alibaba.nacos.shaded.io.grpc.StatusRuntimeException: UNAVAILABLE: io exception
	at com.alibaba.nacos.shaded.com.google.common.util.concurrent.AbstractFuture.getDoneValue(AbstractFuture.java:566)
	at com.alibaba.nacos.shaded.com.google.common.util.concurrent.AbstractFuture.get(AbstractFuture.java:445)
	at com.alibaba.nacos.common.remote.client.grpc.GrpcClient.serverCheck(GrpcClient.java:148)
	at com.alibaba.nacos.common.remote.client.grpc.GrpcClient.connectToServer(GrpcClient.java:264)
	at com.alibaba.nacos.common.remote.client.RpcClient.reconnect(RpcClient.java:522)
	at com.alibaba.nacos.common.remote.client.RpcClient.lambda$start$2(RpcClient.java:370)
	at java.util.concurrent.Executors$RunnableAdapter.call(Executors.java:511)
	at java.util.concurrent.FutureTask.run$$$capture(FutureTask.java:266)
	at java.util.concurrent.FutureTask.run(FutureTask.java)
	at java.util.concurrent.ScheduledThreadPoolExecutor$ScheduledFutureTask.access$201(ScheduledThreadPoolExecutor.java:180)
	at java.util.concurrent.ScheduledThreadPoolExecutor$ScheduledFutureTask.run(ScheduledThreadPoolExecutor.java:293)
	at java.util.concurrent.ThreadPoolExecutor.runWorker(ThreadPoolExecutor.java:1149)
	at java.util.concurrent.ThreadPoolExecutor$Worker.run(ThreadPoolExecutor.java:624)
	at java.lang.Thread.run(Thread.java:750)
Caused by: com.alibaba.nacos.shaded.io.grpc.StatusRuntimeException: UNAVAILABLE: io exception
	at com.alibaba.nacos.shaded.io.grpc.Status.asRuntimeException(Status.java:533)
	at com.alibaba.nacos.shaded.io.grpc.stub.ClientCalls$UnaryStreamToFuture.onClose(ClientCalls.java:490)
	at com.alibaba.nacos.shaded.io.grpc.PartialForwardingClientCallListener.onClose(PartialForwardingClientCallListener.java:39)
	at com.alibaba.nacos.shaded.io.grpc.ForwardingClientCallListener.onClose(ForwardingClientCallListener.java:23)
	at com.alibaba.nacos.shaded.io.grpc.ForwardingClientCallListener$SimpleForwardingClientCallListener.onClose(ForwardingClientCallListener.java:40)
	at com.alibaba.nacos.shaded.io.grpc.internal.CensusStatsModule$StatsClientInterceptor$1$1.onClose(CensusStatsModule.java:700)
	at com.alibaba.nacos.shaded.io.grpc.PartialForwardingClientCallListener.onClose(PartialForwardingClientCallListener.java:39)
	at com.alibaba.nacos.shaded.io.grpc.ForwardingClientCallListener.onClose(ForwardingClientCallListener.java:23)
	at com.alibaba.nacos.shaded.io.grpc.ForwardingClientCallListener$SimpleForwardingClientCallListener.onClose(ForwardingClientCallListener.java:40)
	at com.alibaba.nacos.shaded.io.grpc.internal.CensusTracingModule$TracingClientInterceptor$1$1.onClose(CensusTracingModule.java:399)
	at com.alibaba.nacos.shaded.io.grpc.internal.ClientCallImpl.closeObserver(ClientCallImpl.java:510)
	at com.alibaba.nacos.shaded.io.grpc.internal.ClientCallImpl.access$300(ClientCallImpl.java:66)
	at com.alibaba.nacos.shaded.io.grpc.internal.ClientCallImpl$ClientStreamListenerImpl.close(ClientCallImpl.java:630)
	at com.alibaba.nacos.shaded.io.grpc.internal.ClientCallImpl$ClientStreamListenerImpl.access$700(ClientCallImpl.java:518)
	at com.alibaba.nacos.shaded.io.grpc.internal.ClientCallImpl$ClientStreamListenerImpl$1StreamClosed.runInternal(ClientCallImpl.java:692)
	at com.alibaba.nacos.shaded.io.grpc.internal.ClientCallImpl$ClientStreamListenerImpl$1StreamClosed.runInContext(ClientCallImpl.java:681)
	at com.alibaba.nacos.shaded.io.grpc.internal.ContextRunnable.run(ContextRunnable.java:37)
	at com.alibaba.nacos.shaded.io.grpc.internal.SerializingExecutor.run(SerializingExecutor.java:123)
	... 3 common frames omitted
Caused by: com.alibaba.nacos.shaded.io.grpc.netty.shaded.io.netty.channel.AbstractChannel$AnnotatedSocketException: Network is unreachable: /123.249.79.51:9848
Caused by: java.net.SocketException: Network is unreachable
	at sun.nio.ch.Net.connect0(Native Method)
	at sun.nio.ch.Net.connect(Net.java:459)
	at sun.nio.ch.Net.connect(Net.java:451)
	at sun.nio.ch.SocketChannelImpl.connect(SocketChannelImpl.java:646)
	at com.alibaba.nacos.shaded.io.grpc.netty.shaded.io.netty.util.internal.SocketUtils$3.run(SocketUtils.java:83)
	at com.alibaba.nacos.shaded.io.grpc.netty.shaded.io.netty.util.internal.SocketUtils$3.run(SocketUtils.java:80)
	at java.security.AccessController.doPrivileged(Native Method)
	at com.alibaba.nacos.shaded.io.grpc.netty.shaded.io.netty.util.internal.SocketUtils.connect(SocketUtils.java:80)
	at com.alibaba.nacos.shaded.io.grpc.netty.shaded.io.netty.channel.socket.nio.NioSocketChannel.doConnect(NioSocketChannel.java:312)
	at com.alibaba.nacos.shaded.io.grpc.netty.shaded.io.netty.channel.nio.AbstractNioChannel$AbstractNioUnsafe.connect(AbstractNioChannel.java:250)
	at com.alibaba.nacos.shaded.io.grpc.netty.shaded.io.netty.channel.DefaultChannelPipeline$HeadContext.connect(DefaultChannelPipeline.java:1353)
	at com.alibaba.nacos.shaded.io.grpc.netty.shaded.io.netty.channel.AbstractChannelHandlerContext.invokeConnect(AbstractChannelHandlerContext.java:547)
	at com.alibaba.nacos.shaded.io.grpc.netty.shaded.io.netty.channel.AbstractChannelHandlerContext.connect(AbstractChannelHandlerContext.java:532)
	at com.alibaba.nacos.shaded.io.grpc.netty.shaded.io.netty.channel.ChannelDuplexHandler.connect(ChannelDuplexHandler.java:54)
	at com.alibaba.nacos.shaded.io.grpc.netty.shaded.io.grpc.netty.WriteBufferingAndExceptionHandler.connect(WriteBufferingAndExceptionHandler.java:150)
	at com.alibaba.nacos.shaded.io.grpc.netty.shaded.io.netty.channel.AbstractChannelHandlerContext.invokeConnect(AbstractChannelHandlerContext.java:547)
	at com.alibaba.nacos.shaded.io.grpc.netty.shaded.io.netty.channel.AbstractChannelHandlerContext.access$1000(AbstractChannelHandlerContext.java:56)
	at com.alibaba.nacos.shaded.io.grpc.netty.shaded.io.netty.channel.AbstractChannelHandlerContext$9.run(AbstractChannelHandlerContext.java:537)
	at com.alibaba.nacos.shaded.io.grpc.netty.shaded.io.netty.util.concurrent.AbstractEventExecutor.safeExecute(AbstractEventExecutor.java:163)
	at com.alibaba.nacos.shaded.io.grpc.netty.shaded.io.netty.util.concurrent.SingleThreadEventExecutor.runAllTasks(SingleThreadEventExecutor.java:416)
	at com.alibaba.nacos.shaded.io.grpc.netty.shaded.io.netty.channel.nio.NioEventLoop.run(NioEventLoop.java:515)
	at com.alibaba.nacos.shaded.io.grpc.netty.shaded.io.netty.util.concurrent.SingleThreadEventExecutor$5.run(SingleThreadEventExecutor.java:918)
	at com.alibaba.nacos.shaded.io.grpc.netty.shaded.io.netty.util.internal.ThreadExecutorMap$2.run(ThreadExecutorMap.java:74)
	at com.alibaba.nacos.shaded.io.grpc.netty.shaded.io.netty.util.concurrent.FastThreadLocalRunnable.run(FastThreadLocalRunnable.java:30)
	at java.lang.Thread.run(Thread.java:750)
21:39:09.037 [32m[com.alibaba.nacos.client.remote.worker][0;39m ERROR [34mc.a.n.c.r.c.g.GrpcClient[0;39m - [printIfErrorEnabled,99] - Server check fail, please check server 123.249.79.51 ,port 9848 is available , error ={}
java.util.concurrent.ExecutionException: com.alibaba.nacos.shaded.io.grpc.StatusRuntimeException: UNAVAILABLE: io exception
	at com.alibaba.nacos.shaded.com.google.common.util.concurrent.AbstractFuture.getDoneValue(AbstractFuture.java:566)
	at com.alibaba.nacos.shaded.com.google.common.util.concurrent.AbstractFuture.get(AbstractFuture.java:445)
	at com.alibaba.nacos.common.remote.client.grpc.GrpcClient.serverCheck(GrpcClient.java:148)
	at com.alibaba.nacos.common.remote.client.grpc.GrpcClient.connectToServer(GrpcClient.java:264)
	at com.alibaba.nacos.common.remote.client.RpcClient.reconnect(RpcClient.java:522)
	at com.alibaba.nacos.common.remote.client.RpcClient.lambda$start$2(RpcClient.java:370)
	at java.util.concurrent.Executors$RunnableAdapter.call(Executors.java:511)
	at java.util.concurrent.FutureTask.run$$$capture(FutureTask.java:266)
	at java.util.concurrent.FutureTask.run(FutureTask.java)
	at java.util.concurrent.ScheduledThreadPoolExecutor$ScheduledFutureTask.access$201(ScheduledThreadPoolExecutor.java:180)
	at java.util.concurrent.ScheduledThreadPoolExecutor$ScheduledFutureTask.run(ScheduledThreadPoolExecutor.java:293)
	at java.util.concurrent.ThreadPoolExecutor.runWorker(ThreadPoolExecutor.java:1149)
	at java.util.concurrent.ThreadPoolExecutor$Worker.run(ThreadPoolExecutor.java:624)
	at java.lang.Thread.run(Thread.java:750)
Caused by: com.alibaba.nacos.shaded.io.grpc.StatusRuntimeException: UNAVAILABLE: io exception
	at com.alibaba.nacos.shaded.io.grpc.Status.asRuntimeException(Status.java:533)
	at com.alibaba.nacos.shaded.io.grpc.stub.ClientCalls$UnaryStreamToFuture.onClose(ClientCalls.java:490)
	at com.alibaba.nacos.shaded.io.grpc.PartialForwardingClientCallListener.onClose(PartialForwardingClientCallListener.java:39)
	at com.alibaba.nacos.shaded.io.grpc.ForwardingClientCallListener.onClose(ForwardingClientCallListener.java:23)
	at com.alibaba.nacos.shaded.io.grpc.ForwardingClientCallListener$SimpleForwardingClientCallListener.onClose(ForwardingClientCallListener.java:40)
	at com.alibaba.nacos.shaded.io.grpc.internal.CensusStatsModule$StatsClientInterceptor$1$1.onClose(CensusStatsModule.java:700)
	at com.alibaba.nacos.shaded.io.grpc.PartialForwardingClientCallListener.onClose(PartialForwardingClientCallListener.java:39)
	at com.alibaba.nacos.shaded.io.grpc.ForwardingClientCallListener.onClose(ForwardingClientCallListener.java:23)
	at com.alibaba.nacos.shaded.io.grpc.ForwardingClientCallListener$SimpleForwardingClientCallListener.onClose(ForwardingClientCallListener.java:40)
	at com.alibaba.nacos.shaded.io.grpc.internal.CensusTracingModule$TracingClientInterceptor$1$1.onClose(CensusTracingModule.java:399)
	at com.alibaba.nacos.shaded.io.grpc.internal.ClientCallImpl.closeObserver(ClientCallImpl.java:510)
	at com.alibaba.nacos.shaded.io.grpc.internal.ClientCallImpl.access$300(ClientCallImpl.java:66)
	at com.alibaba.nacos.shaded.io.grpc.internal.ClientCallImpl$ClientStreamListenerImpl.close(ClientCallImpl.java:630)
	at com.alibaba.nacos.shaded.io.grpc.internal.ClientCallImpl$ClientStreamListenerImpl.access$700(ClientCallImpl.java:518)
	at com.alibaba.nacos.shaded.io.grpc.internal.ClientCallImpl$ClientStreamListenerImpl$1StreamClosed.runInternal(ClientCallImpl.java:692)
	at com.alibaba.nacos.shaded.io.grpc.internal.ClientCallImpl$ClientStreamListenerImpl$1StreamClosed.runInContext(ClientCallImpl.java:681)
	at com.alibaba.nacos.shaded.io.grpc.internal.ContextRunnable.run(ContextRunnable.java:37)
	at com.alibaba.nacos.shaded.io.grpc.internal.SerializingExecutor.run(SerializingExecutor.java:123)
	... 3 common frames omitted
Caused by: com.alibaba.nacos.shaded.io.grpc.netty.shaded.io.netty.channel.AbstractChannel$AnnotatedSocketException: Network is unreachable: /123.249.79.51:9848
Caused by: java.net.SocketException: Network is unreachable
	at sun.nio.ch.Net.connect0(Native Method)
	at sun.nio.ch.Net.connect(Net.java:459)
	at sun.nio.ch.Net.connect(Net.java:451)
	at sun.nio.ch.SocketChannelImpl.connect(SocketChannelImpl.java:646)
	at com.alibaba.nacos.shaded.io.grpc.netty.shaded.io.netty.util.internal.SocketUtils$3.run(SocketUtils.java:83)
	at com.alibaba.nacos.shaded.io.grpc.netty.shaded.io.netty.util.internal.SocketUtils$3.run(SocketUtils.java:80)
	at java.security.AccessController.doPrivileged(Native Method)
	at com.alibaba.nacos.shaded.io.grpc.netty.shaded.io.netty.util.internal.SocketUtils.connect(SocketUtils.java:80)
	at com.alibaba.nacos.shaded.io.grpc.netty.shaded.io.netty.channel.socket.nio.NioSocketChannel.doConnect(NioSocketChannel.java:312)
	at com.alibaba.nacos.shaded.io.grpc.netty.shaded.io.netty.channel.nio.AbstractNioChannel$AbstractNioUnsafe.connect(AbstractNioChannel.java:250)
	at com.alibaba.nacos.shaded.io.grpc.netty.shaded.io.netty.channel.DefaultChannelPipeline$HeadContext.connect(DefaultChannelPipeline.java:1353)
	at com.alibaba.nacos.shaded.io.grpc.netty.shaded.io.netty.channel.AbstractChannelHandlerContext.invokeConnect(AbstractChannelHandlerContext.java:547)
	at com.alibaba.nacos.shaded.io.grpc.netty.shaded.io.netty.channel.AbstractChannelHandlerContext.connect(AbstractChannelHandlerContext.java:532)
	at com.alibaba.nacos.shaded.io.grpc.netty.shaded.io.netty.channel.ChannelDuplexHandler.connect(ChannelDuplexHandler.java:54)
	at com.alibaba.nacos.shaded.io.grpc.netty.shaded.io.grpc.netty.WriteBufferingAndExceptionHandler.connect(WriteBufferingAndExceptionHandler.java:150)
	at com.alibaba.nacos.shaded.io.grpc.netty.shaded.io.netty.channel.AbstractChannelHandlerContext.invokeConnect(AbstractChannelHandlerContext.java:547)
	at com.alibaba.nacos.shaded.io.grpc.netty.shaded.io.netty.channel.AbstractChannelHandlerContext.access$1000(AbstractChannelHandlerContext.java:56)
	at com.alibaba.nacos.shaded.io.grpc.netty.shaded.io.netty.channel.AbstractChannelHandlerContext$9.run(AbstractChannelHandlerContext.java:537)
	at com.alibaba.nacos.shaded.io.grpc.netty.shaded.io.netty.util.concurrent.AbstractEventExecutor.safeExecute(AbstractEventExecutor.java:163)
	at com.alibaba.nacos.shaded.io.grpc.netty.shaded.io.netty.util.concurrent.SingleThreadEventExecutor.runAllTasks(SingleThreadEventExecutor.java:416)
	at com.alibaba.nacos.shaded.io.grpc.netty.shaded.io.netty.channel.nio.NioEventLoop.run(NioEventLoop.java:515)
	at com.alibaba.nacos.shaded.io.grpc.netty.shaded.io.netty.util.concurrent.SingleThreadEventExecutor$5.run(SingleThreadEventExecutor.java:918)
	at com.alibaba.nacos.shaded.io.grpc.netty.shaded.io.netty.util.internal.ThreadExecutorMap$2.run(ThreadExecutorMap.java:74)
	at com.alibaba.nacos.shaded.io.grpc.netty.shaded.io.netty.util.concurrent.FastThreadLocalRunnable.run(FastThreadLocalRunnable.java:30)
	at java.lang.Thread.run(Thread.java:750)
21:39:09.478 [32m[com.alibaba.nacos.client.remote.worker][0;39m ERROR [34mc.a.n.c.r.c.g.GrpcClient[0;39m - [printIfErrorEnabled,99] - Server check fail, please check server 123.249.79.51 ,port 9848 is available , error ={}
java.util.concurrent.ExecutionException: com.alibaba.nacos.shaded.io.grpc.StatusRuntimeException: UNAVAILABLE: io exception
	at com.alibaba.nacos.shaded.com.google.common.util.concurrent.AbstractFuture.getDoneValue(AbstractFuture.java:566)
	at com.alibaba.nacos.shaded.com.google.common.util.concurrent.AbstractFuture.get(AbstractFuture.java:445)
	at com.alibaba.nacos.common.remote.client.grpc.GrpcClient.serverCheck(GrpcClient.java:148)
	at com.alibaba.nacos.common.remote.client.grpc.GrpcClient.connectToServer(GrpcClient.java:264)
	at com.alibaba.nacos.common.remote.client.RpcClient.reconnect(RpcClient.java:522)
	at com.alibaba.nacos.common.remote.client.RpcClient.lambda$start$2(RpcClient.java:370)
	at java.util.concurrent.Executors$RunnableAdapter.call(Executors.java:511)
	at java.util.concurrent.FutureTask.run$$$capture(FutureTask.java:266)
	at java.util.concurrent.FutureTask.run(FutureTask.java)
	at java.util.concurrent.ScheduledThreadPoolExecutor$ScheduledFutureTask.access$201(ScheduledThreadPoolExecutor.java:180)
	at java.util.concurrent.ScheduledThreadPoolExecutor$ScheduledFutureTask.run(ScheduledThreadPoolExecutor.java:293)
	at java.util.concurrent.ThreadPoolExecutor.runWorker(ThreadPoolExecutor.java:1149)
	at java.util.concurrent.ThreadPoolExecutor$Worker.run(ThreadPoolExecutor.java:624)
	at java.lang.Thread.run(Thread.java:750)
Caused by: com.alibaba.nacos.shaded.io.grpc.StatusRuntimeException: UNAVAILABLE: io exception
	at com.alibaba.nacos.shaded.io.grpc.Status.asRuntimeException(Status.java:533)
	at com.alibaba.nacos.shaded.io.grpc.stub.ClientCalls$UnaryStreamToFuture.onClose(ClientCalls.java:490)
	at com.alibaba.nacos.shaded.io.grpc.PartialForwardingClientCallListener.onClose(PartialForwardingClientCallListener.java:39)
	at com.alibaba.nacos.shaded.io.grpc.ForwardingClientCallListener.onClose(ForwardingClientCallListener.java:23)
	at com.alibaba.nacos.shaded.io.grpc.ForwardingClientCallListener$SimpleForwardingClientCallListener.onClose(ForwardingClientCallListener.java:40)
	at com.alibaba.nacos.shaded.io.grpc.internal.CensusStatsModule$StatsClientInterceptor$1$1.onClose(CensusStatsModule.java:700)
	at com.alibaba.nacos.shaded.io.grpc.PartialForwardingClientCallListener.onClose(PartialForwardingClientCallListener.java:39)
	at com.alibaba.nacos.shaded.io.grpc.ForwardingClientCallListener.onClose(ForwardingClientCallListener.java:23)
	at com.alibaba.nacos.shaded.io.grpc.ForwardingClientCallListener$SimpleForwardingClientCallListener.onClose(ForwardingClientCallListener.java:40)
	at com.alibaba.nacos.shaded.io.grpc.internal.CensusTracingModule$TracingClientInterceptor$1$1.onClose(CensusTracingModule.java:399)
	at com.alibaba.nacos.shaded.io.grpc.internal.ClientCallImpl.closeObserver(ClientCallImpl.java:510)
	at com.alibaba.nacos.shaded.io.grpc.internal.ClientCallImpl.access$300(ClientCallImpl.java:66)
	at com.alibaba.nacos.shaded.io.grpc.internal.ClientCallImpl$ClientStreamListenerImpl.close(ClientCallImpl.java:630)
	at com.alibaba.nacos.shaded.io.grpc.internal.ClientCallImpl$ClientStreamListenerImpl.access$700(ClientCallImpl.java:518)
	at com.alibaba.nacos.shaded.io.grpc.internal.ClientCallImpl$ClientStreamListenerImpl$1StreamClosed.runInternal(ClientCallImpl.java:692)
	at com.alibaba.nacos.shaded.io.grpc.internal.ClientCallImpl$ClientStreamListenerImpl$1StreamClosed.runInContext(ClientCallImpl.java:681)
	at com.alibaba.nacos.shaded.io.grpc.internal.ContextRunnable.run(ContextRunnable.java:37)
	at com.alibaba.nacos.shaded.io.grpc.internal.SerializingExecutor.run(SerializingExecutor.java:123)
	... 3 common frames omitted
Caused by: com.alibaba.nacos.shaded.io.grpc.netty.shaded.io.netty.channel.AbstractChannel$AnnotatedSocketException: Network is unreachable: /123.249.79.51:9848
Caused by: java.net.SocketException: Network is unreachable
	at sun.nio.ch.Net.connect0(Native Method)
	at sun.nio.ch.Net.connect(Net.java:459)
	at sun.nio.ch.Net.connect(Net.java:451)
	at sun.nio.ch.SocketChannelImpl.connect(SocketChannelImpl.java:646)
	at com.alibaba.nacos.shaded.io.grpc.netty.shaded.io.netty.util.internal.SocketUtils$3.run(SocketUtils.java:83)
	at com.alibaba.nacos.shaded.io.grpc.netty.shaded.io.netty.util.internal.SocketUtils$3.run(SocketUtils.java:80)
	at java.security.AccessController.doPrivileged(Native Method)
	at com.alibaba.nacos.shaded.io.grpc.netty.shaded.io.netty.util.internal.SocketUtils.connect(SocketUtils.java:80)
	at com.alibaba.nacos.shaded.io.grpc.netty.shaded.io.netty.channel.socket.nio.NioSocketChannel.doConnect(NioSocketChannel.java:312)
	at com.alibaba.nacos.shaded.io.grpc.netty.shaded.io.netty.channel.nio.AbstractNioChannel$AbstractNioUnsafe.connect(AbstractNioChannel.java:250)
	at com.alibaba.nacos.shaded.io.grpc.netty.shaded.io.netty.channel.DefaultChannelPipeline$HeadContext.connect(DefaultChannelPipeline.java:1353)
	at com.alibaba.nacos.shaded.io.grpc.netty.shaded.io.netty.channel.AbstractChannelHandlerContext.invokeConnect(AbstractChannelHandlerContext.java:547)
	at com.alibaba.nacos.shaded.io.grpc.netty.shaded.io.netty.channel.AbstractChannelHandlerContext.connect(AbstractChannelHandlerContext.java:532)
	at com.alibaba.nacos.shaded.io.grpc.netty.shaded.io.netty.channel.ChannelDuplexHandler.connect(ChannelDuplexHandler.java:54)
	at com.alibaba.nacos.shaded.io.grpc.netty.shaded.io.grpc.netty.WriteBufferingAndExceptionHandler.connect(WriteBufferingAndExceptionHandler.java:150)
	at com.alibaba.nacos.shaded.io.grpc.netty.shaded.io.netty.channel.AbstractChannelHandlerContext.invokeConnect(AbstractChannelHandlerContext.java:547)
	at com.alibaba.nacos.shaded.io.grpc.netty.shaded.io.netty.channel.AbstractChannelHandlerContext.access$1000(AbstractChannelHandlerContext.java:56)
	at com.alibaba.nacos.shaded.io.grpc.netty.shaded.io.netty.channel.AbstractChannelHandlerContext$9.run(AbstractChannelHandlerContext.java:537)
	at com.alibaba.nacos.shaded.io.grpc.netty.shaded.io.netty.util.concurrent.AbstractEventExecutor.safeExecute(AbstractEventExecutor.java:163)
	at com.alibaba.nacos.shaded.io.grpc.netty.shaded.io.netty.util.concurrent.SingleThreadEventExecutor.runAllTasks(SingleThreadEventExecutor.java:416)
	at com.alibaba.nacos.shaded.io.grpc.netty.shaded.io.netty.channel.nio.NioEventLoop.run(NioEventLoop.java:515)
	at com.alibaba.nacos.shaded.io.grpc.netty.shaded.io.netty.util.concurrent.SingleThreadEventExecutor$5.run(SingleThreadEventExecutor.java:918)
	at com.alibaba.nacos.shaded.io.grpc.netty.shaded.io.netty.util.internal.ThreadExecutorMap$2.run(ThreadExecutorMap.java:74)
	at com.alibaba.nacos.shaded.io.grpc.netty.shaded.io.netty.util.concurrent.FastThreadLocalRunnable.run(FastThreadLocalRunnable.java:30)
	at java.lang.Thread.run(Thread.java:750)
21:39:09.973 [32m[com.alibaba.nacos.client.remote.worker][0;39m ERROR [34mc.a.n.c.r.c.g.GrpcClient[0;39m - [printIfErrorEnabled,99] - Server check fail, please check server 123.249.79.51 ,port 9848 is available , error ={}
java.util.concurrent.ExecutionException: com.alibaba.nacos.shaded.io.grpc.StatusRuntimeException: UNAVAILABLE: io exception
	at com.alibaba.nacos.shaded.com.google.common.util.concurrent.AbstractFuture.getDoneValue(AbstractFuture.java:566)
	at com.alibaba.nacos.shaded.com.google.common.util.concurrent.AbstractFuture.get(AbstractFuture.java:445)
	at com.alibaba.nacos.common.remote.client.grpc.GrpcClient.serverCheck(GrpcClient.java:148)
	at com.alibaba.nacos.common.remote.client.grpc.GrpcClient.connectToServer(GrpcClient.java:264)
	at com.alibaba.nacos.common.remote.client.RpcClient.reconnect(RpcClient.java:522)
	at com.alibaba.nacos.common.remote.client.RpcClient.lambda$start$2(RpcClient.java:370)
	at java.util.concurrent.Executors$RunnableAdapter.call(Executors.java:511)
	at java.util.concurrent.FutureTask.run$$$capture(FutureTask.java:266)
	at java.util.concurrent.FutureTask.run(FutureTask.java)
	at java.util.concurrent.ScheduledThreadPoolExecutor$ScheduledFutureTask.access$201(ScheduledThreadPoolExecutor.java:180)
	at java.util.concurrent.ScheduledThreadPoolExecutor$ScheduledFutureTask.run(ScheduledThreadPoolExecutor.java:293)
	at java.util.concurrent.ThreadPoolExecutor.runWorker(ThreadPoolExecutor.java:1149)
	at java.util.concurrent.ThreadPoolExecutor$Worker.run(ThreadPoolExecutor.java:624)
	at java.lang.Thread.run(Thread.java:750)
Caused by: com.alibaba.nacos.shaded.io.grpc.StatusRuntimeException: UNAVAILABLE: io exception
	at com.alibaba.nacos.shaded.io.grpc.Status.asRuntimeException(Status.java:533)
	at com.alibaba.nacos.shaded.io.grpc.stub.ClientCalls$UnaryStreamToFuture.onClose(ClientCalls.java:490)
	at com.alibaba.nacos.shaded.io.grpc.PartialForwardingClientCallListener.onClose(PartialForwardingClientCallListener.java:39)
	at com.alibaba.nacos.shaded.io.grpc.ForwardingClientCallListener.onClose(ForwardingClientCallListener.java:23)
	at com.alibaba.nacos.shaded.io.grpc.ForwardingClientCallListener$SimpleForwardingClientCallListener.onClose(ForwardingClientCallListener.java:40)
	at com.alibaba.nacos.shaded.io.grpc.internal.CensusStatsModule$StatsClientInterceptor$1$1.onClose(CensusStatsModule.java:700)
	at com.alibaba.nacos.shaded.io.grpc.PartialForwardingClientCallListener.onClose(PartialForwardingClientCallListener.java:39)
	at com.alibaba.nacos.shaded.io.grpc.ForwardingClientCallListener.onClose(ForwardingClientCallListener.java:23)
	at com.alibaba.nacos.shaded.io.grpc.ForwardingClientCallListener$SimpleForwardingClientCallListener.onClose(ForwardingClientCallListener.java:40)
	at com.alibaba.nacos.shaded.io.grpc.internal.CensusTracingModule$TracingClientInterceptor$1$1.onClose(CensusTracingModule.java:399)
	at com.alibaba.nacos.shaded.io.grpc.internal.ClientCallImpl.closeObserver(ClientCallImpl.java:510)
	at com.alibaba.nacos.shaded.io.grpc.internal.ClientCallImpl.access$300(ClientCallImpl.java:66)
	at com.alibaba.nacos.shaded.io.grpc.internal.ClientCallImpl$ClientStreamListenerImpl.close(ClientCallImpl.java:630)
	at com.alibaba.nacos.shaded.io.grpc.internal.ClientCallImpl$ClientStreamListenerImpl.access$700(ClientCallImpl.java:518)
	at com.alibaba.nacos.shaded.io.grpc.internal.ClientCallImpl$ClientStreamListenerImpl$1StreamClosed.runInternal(ClientCallImpl.java:692)
	at com.alibaba.nacos.shaded.io.grpc.internal.ClientCallImpl$ClientStreamListenerImpl$1StreamClosed.runInContext(ClientCallImpl.java:681)
	at com.alibaba.nacos.shaded.io.grpc.internal.ContextRunnable.run(ContextRunnable.java:37)
	at com.alibaba.nacos.shaded.io.grpc.internal.SerializingExecutor.run(SerializingExecutor.java:123)
	... 3 common frames omitted
Caused by: com.alibaba.nacos.shaded.io.grpc.netty.shaded.io.netty.channel.AbstractChannel$AnnotatedSocketException: Network is unreachable: /123.249.79.51:9848
Caused by: java.net.SocketException: Network is unreachable
	at sun.nio.ch.Net.connect0(Native Method)
	at sun.nio.ch.Net.connect(Net.java:459)
	at sun.nio.ch.Net.connect(Net.java:451)
	at sun.nio.ch.SocketChannelImpl.connect(SocketChannelImpl.java:646)
	at com.alibaba.nacos.shaded.io.grpc.netty.shaded.io.netty.util.internal.SocketUtils$3.run(SocketUtils.java:83)
	at com.alibaba.nacos.shaded.io.grpc.netty.shaded.io.netty.util.internal.SocketUtils$3.run(SocketUtils.java:80)
	at java.security.AccessController.doPrivileged(Native Method)
	at com.alibaba.nacos.shaded.io.grpc.netty.shaded.io.netty.util.internal.SocketUtils.connect(SocketUtils.java:80)
	at com.alibaba.nacos.shaded.io.grpc.netty.shaded.io.netty.channel.socket.nio.NioSocketChannel.doConnect(NioSocketChannel.java:312)
	at com.alibaba.nacos.shaded.io.grpc.netty.shaded.io.netty.channel.nio.AbstractNioChannel$AbstractNioUnsafe.connect(AbstractNioChannel.java:250)
	at com.alibaba.nacos.shaded.io.grpc.netty.shaded.io.netty.channel.DefaultChannelPipeline$HeadContext.connect(DefaultChannelPipeline.java:1353)
	at com.alibaba.nacos.shaded.io.grpc.netty.shaded.io.netty.channel.AbstractChannelHandlerContext.invokeConnect(AbstractChannelHandlerContext.java:547)
	at com.alibaba.nacos.shaded.io.grpc.netty.shaded.io.netty.channel.AbstractChannelHandlerContext.connect(AbstractChannelHandlerContext.java:532)
	at com.alibaba.nacos.shaded.io.grpc.netty.shaded.io.netty.channel.ChannelDuplexHandler.connect(ChannelDuplexHandler.java:54)
	at com.alibaba.nacos.shaded.io.grpc.netty.shaded.io.grpc.netty.WriteBufferingAndExceptionHandler.connect(WriteBufferingAndExceptionHandler.java:150)
	at com.alibaba.nacos.shaded.io.grpc.netty.shaded.io.netty.channel.AbstractChannelHandlerContext.invokeConnect(AbstractChannelHandlerContext.java:547)
	at com.alibaba.nacos.shaded.io.grpc.netty.shaded.io.netty.channel.AbstractChannelHandlerContext.access$1000(AbstractChannelHandlerContext.java:56)
	at com.alibaba.nacos.shaded.io.grpc.netty.shaded.io.netty.channel.AbstractChannelHandlerContext$9.run(AbstractChannelHandlerContext.java:537)
	at com.alibaba.nacos.shaded.io.grpc.netty.shaded.io.netty.util.concurrent.AbstractEventExecutor.safeExecute(AbstractEventExecutor.java:163)
	at com.alibaba.nacos.shaded.io.grpc.netty.shaded.io.netty.util.concurrent.SingleThreadEventExecutor.runAllTasks(SingleThreadEventExecutor.java:416)
	at com.alibaba.nacos.shaded.io.grpc.netty.shaded.io.netty.channel.nio.NioEventLoop.run(NioEventLoop.java:515)
	at com.alibaba.nacos.shaded.io.grpc.netty.shaded.io.netty.util.concurrent.SingleThreadEventExecutor$5.run(SingleThreadEventExecutor.java:918)
	at com.alibaba.nacos.shaded.io.grpc.netty.shaded.io.netty.util.internal.ThreadExecutorMap$2.run(ThreadExecutorMap.java:74)
	at com.alibaba.nacos.shaded.io.grpc.netty.shaded.io.netty.util.concurrent.FastThreadLocalRunnable.run(FastThreadLocalRunnable.java:30)
	at java.lang.Thread.run(Thread.java:750)
21:39:09.995 [32m[com.alibaba.nacos.client.remote.worker][0;39m ERROR [34mc.a.n.c.r.c.g.GrpcClient[0;39m - [printIfErrorEnabled,99] - Server check fail, please check server 123.249.79.51 ,port 9848 is available , error ={}
java.util.concurrent.ExecutionException: com.alibaba.nacos.shaded.io.grpc.StatusRuntimeException: UNAVAILABLE: io exception
	at com.alibaba.nacos.shaded.com.google.common.util.concurrent.AbstractFuture.getDoneValue(AbstractFuture.java:566)
	at com.alibaba.nacos.shaded.com.google.common.util.concurrent.AbstractFuture.get(AbstractFuture.java:445)
	at com.alibaba.nacos.common.remote.client.grpc.GrpcClient.serverCheck(GrpcClient.java:148)
	at com.alibaba.nacos.common.remote.client.grpc.GrpcClient.connectToServer(GrpcClient.java:264)
	at com.alibaba.nacos.common.remote.client.RpcClient.reconnect(RpcClient.java:522)
	at com.alibaba.nacos.common.remote.client.RpcClient.lambda$start$2(RpcClient.java:370)
	at java.util.concurrent.Executors$RunnableAdapter.call(Executors.java:511)
	at java.util.concurrent.FutureTask.run$$$capture(FutureTask.java:266)
	at java.util.concurrent.FutureTask.run(FutureTask.java)
	at java.util.concurrent.ScheduledThreadPoolExecutor$ScheduledFutureTask.access$201(ScheduledThreadPoolExecutor.java:180)
	at java.util.concurrent.ScheduledThreadPoolExecutor$ScheduledFutureTask.run(ScheduledThreadPoolExecutor.java:293)
	at java.util.concurrent.ThreadPoolExecutor.runWorker(ThreadPoolExecutor.java:1149)
	at java.util.concurrent.ThreadPoolExecutor$Worker.run(ThreadPoolExecutor.java:624)
	at java.lang.Thread.run(Thread.java:750)
Caused by: com.alibaba.nacos.shaded.io.grpc.StatusRuntimeException: UNAVAILABLE: io exception
	at com.alibaba.nacos.shaded.io.grpc.Status.asRuntimeException(Status.java:533)
	at com.alibaba.nacos.shaded.io.grpc.stub.ClientCalls$UnaryStreamToFuture.onClose(ClientCalls.java:490)
	at com.alibaba.nacos.shaded.io.grpc.PartialForwardingClientCallListener.onClose(PartialForwardingClientCallListener.java:39)
	at com.alibaba.nacos.shaded.io.grpc.ForwardingClientCallListener.onClose(ForwardingClientCallListener.java:23)
	at com.alibaba.nacos.shaded.io.grpc.ForwardingClientCallListener$SimpleForwardingClientCallListener.onClose(ForwardingClientCallListener.java:40)
	at com.alibaba.nacos.shaded.io.grpc.internal.CensusStatsModule$StatsClientInterceptor$1$1.onClose(CensusStatsModule.java:700)
	at com.alibaba.nacos.shaded.io.grpc.PartialForwardingClientCallListener.onClose(PartialForwardingClientCallListener.java:39)
	at com.alibaba.nacos.shaded.io.grpc.ForwardingClientCallListener.onClose(ForwardingClientCallListener.java:23)
	at com.alibaba.nacos.shaded.io.grpc.ForwardingClientCallListener$SimpleForwardingClientCallListener.onClose(ForwardingClientCallListener.java:40)
	at com.alibaba.nacos.shaded.io.grpc.internal.CensusTracingModule$TracingClientInterceptor$1$1.onClose(CensusTracingModule.java:399)
	at com.alibaba.nacos.shaded.io.grpc.internal.ClientCallImpl.closeObserver(ClientCallImpl.java:510)
	at com.alibaba.nacos.shaded.io.grpc.internal.ClientCallImpl.access$300(ClientCallImpl.java:66)
	at com.alibaba.nacos.shaded.io.grpc.internal.ClientCallImpl$ClientStreamListenerImpl.close(ClientCallImpl.java:630)
	at com.alibaba.nacos.shaded.io.grpc.internal.ClientCallImpl$ClientStreamListenerImpl.access$700(ClientCallImpl.java:518)
	at com.alibaba.nacos.shaded.io.grpc.internal.ClientCallImpl$ClientStreamListenerImpl$1StreamClosed.runInternal(ClientCallImpl.java:692)
	at com.alibaba.nacos.shaded.io.grpc.internal.ClientCallImpl$ClientStreamListenerImpl$1StreamClosed.runInContext(ClientCallImpl.java:681)
	at com.alibaba.nacos.shaded.io.grpc.internal.ContextRunnable.run(ContextRunnable.java:37)
	at com.alibaba.nacos.shaded.io.grpc.internal.SerializingExecutor.run(SerializingExecutor.java:123)
	... 3 common frames omitted
Caused by: com.alibaba.nacos.shaded.io.grpc.netty.shaded.io.netty.channel.AbstractChannel$AnnotatedSocketException: Network is unreachable: /123.249.79.51:9848
Caused by: java.net.SocketException: Network is unreachable
	at sun.nio.ch.Net.connect0(Native Method)
	at sun.nio.ch.Net.connect(Net.java:459)
	at sun.nio.ch.Net.connect(Net.java:451)
	at sun.nio.ch.SocketChannelImpl.connect(SocketChannelImpl.java:646)
	at com.alibaba.nacos.shaded.io.grpc.netty.shaded.io.netty.util.internal.SocketUtils$3.run(SocketUtils.java:83)
	at com.alibaba.nacos.shaded.io.grpc.netty.shaded.io.netty.util.internal.SocketUtils$3.run(SocketUtils.java:80)
	at java.security.AccessController.doPrivileged(Native Method)
	at com.alibaba.nacos.shaded.io.grpc.netty.shaded.io.netty.util.internal.SocketUtils.connect(SocketUtils.java:80)
	at com.alibaba.nacos.shaded.io.grpc.netty.shaded.io.netty.channel.socket.nio.NioSocketChannel.doConnect(NioSocketChannel.java:312)
	at com.alibaba.nacos.shaded.io.grpc.netty.shaded.io.netty.channel.nio.AbstractNioChannel$AbstractNioUnsafe.connect(AbstractNioChannel.java:250)
	at com.alibaba.nacos.shaded.io.grpc.netty.shaded.io.netty.channel.DefaultChannelPipeline$HeadContext.connect(DefaultChannelPipeline.java:1353)
	at com.alibaba.nacos.shaded.io.grpc.netty.shaded.io.netty.channel.AbstractChannelHandlerContext.invokeConnect(AbstractChannelHandlerContext.java:547)
	at com.alibaba.nacos.shaded.io.grpc.netty.shaded.io.netty.channel.AbstractChannelHandlerContext.connect(AbstractChannelHandlerContext.java:532)
	at com.alibaba.nacos.shaded.io.grpc.netty.shaded.io.netty.channel.ChannelDuplexHandler.connect(ChannelDuplexHandler.java:54)
	at com.alibaba.nacos.shaded.io.grpc.netty.shaded.io.grpc.netty.WriteBufferingAndExceptionHandler.connect(WriteBufferingAndExceptionHandler.java:150)
	at com.alibaba.nacos.shaded.io.grpc.netty.shaded.io.netty.channel.AbstractChannelHandlerContext.invokeConnect(AbstractChannelHandlerContext.java:547)
	at com.alibaba.nacos.shaded.io.grpc.netty.shaded.io.netty.channel.AbstractChannelHandlerContext.access$1000(AbstractChannelHandlerContext.java:56)
	at com.alibaba.nacos.shaded.io.grpc.netty.shaded.io.netty.channel.AbstractChannelHandlerContext$9.run(AbstractChannelHandlerContext.java:537)
	at com.alibaba.nacos.shaded.io.grpc.netty.shaded.io.netty.util.concurrent.AbstractEventExecutor.safeExecute(AbstractEventExecutor.java:163)
	at com.alibaba.nacos.shaded.io.grpc.netty.shaded.io.netty.util.concurrent.SingleThreadEventExecutor.runAllTasks(SingleThreadEventExecutor.java:416)
	at com.alibaba.nacos.shaded.io.grpc.netty.shaded.io.netty.channel.nio.NioEventLoop.run(NioEventLoop.java:515)
	at com.alibaba.nacos.shaded.io.grpc.netty.shaded.io.netty.util.concurrent.SingleThreadEventExecutor$5.run(SingleThreadEventExecutor.java:918)
	at com.alibaba.nacos.shaded.io.grpc.netty.shaded.io.netty.util.internal.ThreadExecutorMap$2.run(ThreadExecutorMap.java:74)
	at com.alibaba.nacos.shaded.io.grpc.netty.shaded.io.netty.util.concurrent.FastThreadLocalRunnable.run(FastThreadLocalRunnable.java:30)
	at java.lang.Thread.run(Thread.java:750)
21:39:10.091 [32m[com.alibaba.nacos.client.remote.worker][0;39m ERROR [34mc.a.n.c.r.c.g.GrpcClient[0;39m - [printIfErrorEnabled,99] - Server check fail, please check server 123.249.79.51 ,port 9848 is available , error ={}
java.util.concurrent.ExecutionException: com.alibaba.nacos.shaded.io.grpc.StatusRuntimeException: UNAVAILABLE: io exception
	at com.alibaba.nacos.shaded.com.google.common.util.concurrent.AbstractFuture.getDoneValue(AbstractFuture.java:566)
	at com.alibaba.nacos.shaded.com.google.common.util.concurrent.AbstractFuture.get(AbstractFuture.java:445)
	at com.alibaba.nacos.common.remote.client.grpc.GrpcClient.serverCheck(GrpcClient.java:148)
	at com.alibaba.nacos.common.remote.client.grpc.GrpcClient.connectToServer(GrpcClient.java:264)
	at com.alibaba.nacos.common.remote.client.RpcClient.reconnect(RpcClient.java:522)
	at com.alibaba.nacos.common.remote.client.RpcClient.lambda$start$2(RpcClient.java:370)
	at java.util.concurrent.Executors$RunnableAdapter.call(Executors.java:511)
	at java.util.concurrent.FutureTask.run$$$capture(FutureTask.java:266)
	at java.util.concurrent.FutureTask.run(FutureTask.java)
	at java.util.concurrent.ScheduledThreadPoolExecutor$ScheduledFutureTask.access$201(ScheduledThreadPoolExecutor.java:180)
	at java.util.concurrent.ScheduledThreadPoolExecutor$ScheduledFutureTask.run(ScheduledThreadPoolExecutor.java:293)
	at java.util.concurrent.ThreadPoolExecutor.runWorker(ThreadPoolExecutor.java:1149)
	at java.util.concurrent.ThreadPoolExecutor$Worker.run(ThreadPoolExecutor.java:624)
	at java.lang.Thread.run(Thread.java:750)
Caused by: com.alibaba.nacos.shaded.io.grpc.StatusRuntimeException: UNAVAILABLE: io exception
	at com.alibaba.nacos.shaded.io.grpc.Status.asRuntimeException(Status.java:533)
	at com.alibaba.nacos.shaded.io.grpc.stub.ClientCalls$UnaryStreamToFuture.onClose(ClientCalls.java:490)
	at com.alibaba.nacos.shaded.io.grpc.PartialForwardingClientCallListener.onClose(PartialForwardingClientCallListener.java:39)
	at com.alibaba.nacos.shaded.io.grpc.ForwardingClientCallListener.onClose(ForwardingClientCallListener.java:23)
	at com.alibaba.nacos.shaded.io.grpc.ForwardingClientCallListener$SimpleForwardingClientCallListener.onClose(ForwardingClientCallListener.java:40)
	at com.alibaba.nacos.shaded.io.grpc.internal.CensusStatsModule$StatsClientInterceptor$1$1.onClose(CensusStatsModule.java:700)
	at com.alibaba.nacos.shaded.io.grpc.PartialForwardingClientCallListener.onClose(PartialForwardingClientCallListener.java:39)
	at com.alibaba.nacos.shaded.io.grpc.ForwardingClientCallListener.onClose(ForwardingClientCallListener.java:23)
	at com.alibaba.nacos.shaded.io.grpc.ForwardingClientCallListener$SimpleForwardingClientCallListener.onClose(ForwardingClientCallListener.java:40)
	at com.alibaba.nacos.shaded.io.grpc.internal.CensusTracingModule$TracingClientInterceptor$1$1.onClose(CensusTracingModule.java:399)
	at com.alibaba.nacos.shaded.io.grpc.internal.ClientCallImpl.closeObserver(ClientCallImpl.java:510)
	at com.alibaba.nacos.shaded.io.grpc.internal.ClientCallImpl.access$300(ClientCallImpl.java:66)
	at com.alibaba.nacos.shaded.io.grpc.internal.ClientCallImpl$ClientStreamListenerImpl.close(ClientCallImpl.java:630)
	at com.alibaba.nacos.shaded.io.grpc.internal.ClientCallImpl$ClientStreamListenerImpl.access$700(ClientCallImpl.java:518)
	at com.alibaba.nacos.shaded.io.grpc.internal.ClientCallImpl$ClientStreamListenerImpl$1StreamClosed.runInternal(ClientCallImpl.java:692)
	at com.alibaba.nacos.shaded.io.grpc.internal.ClientCallImpl$ClientStreamListenerImpl$1StreamClosed.runInContext(ClientCallImpl.java:681)
	at com.alibaba.nacos.shaded.io.grpc.internal.ContextRunnable.run(ContextRunnable.java:37)
	at com.alibaba.nacos.shaded.io.grpc.internal.SerializingExecutor.run(SerializingExecutor.java:123)
	... 3 common frames omitted
Caused by: com.alibaba.nacos.shaded.io.grpc.netty.shaded.io.netty.channel.AbstractChannel$AnnotatedSocketException: Network is unreachable: /123.249.79.51:9848
Caused by: java.net.SocketException: Network is unreachable
	at sun.nio.ch.Net.connect0(Native Method)
	at sun.nio.ch.Net.connect(Net.java:459)
	at sun.nio.ch.Net.connect(Net.java:451)
	at sun.nio.ch.SocketChannelImpl.connect(SocketChannelImpl.java:646)
	at com.alibaba.nacos.shaded.io.grpc.netty.shaded.io.netty.util.internal.SocketUtils$3.run(SocketUtils.java:83)
	at com.alibaba.nacos.shaded.io.grpc.netty.shaded.io.netty.util.internal.SocketUtils$3.run(SocketUtils.java:80)
	at java.security.AccessController.doPrivileged(Native Method)
	at com.alibaba.nacos.shaded.io.grpc.netty.shaded.io.netty.util.internal.SocketUtils.connect(SocketUtils.java:80)
	at com.alibaba.nacos.shaded.io.grpc.netty.shaded.io.netty.channel.socket.nio.NioSocketChannel.doConnect(NioSocketChannel.java:312)
	at com.alibaba.nacos.shaded.io.grpc.netty.shaded.io.netty.channel.nio.AbstractNioChannel$AbstractNioUnsafe.connect(AbstractNioChannel.java:250)
	at com.alibaba.nacos.shaded.io.grpc.netty.shaded.io.netty.channel.DefaultChannelPipeline$HeadContext.connect(DefaultChannelPipeline.java:1353)
	at com.alibaba.nacos.shaded.io.grpc.netty.shaded.io.netty.channel.AbstractChannelHandlerContext.invokeConnect(AbstractChannelHandlerContext.java:547)
	at com.alibaba.nacos.shaded.io.grpc.netty.shaded.io.netty.channel.AbstractChannelHandlerContext.connect(AbstractChannelHandlerContext.java:532)
	at com.alibaba.nacos.shaded.io.grpc.netty.shaded.io.netty.channel.ChannelDuplexHandler.connect(ChannelDuplexHandler.java:54)
	at com.alibaba.nacos.shaded.io.grpc.netty.shaded.io.grpc.netty.WriteBufferingAndExceptionHandler.connect(WriteBufferingAndExceptionHandler.java:150)
	at com.alibaba.nacos.shaded.io.grpc.netty.shaded.io.netty.channel.AbstractChannelHandlerContext.invokeConnect(AbstractChannelHandlerContext.java:547)
	at com.alibaba.nacos.shaded.io.grpc.netty.shaded.io.netty.channel.AbstractChannelHandlerContext.access$1000(AbstractChannelHandlerContext.java:56)
	at com.alibaba.nacos.shaded.io.grpc.netty.shaded.io.netty.channel.AbstractChannelHandlerContext$9.run(AbstractChannelHandlerContext.java:537)
	at com.alibaba.nacos.shaded.io.grpc.netty.shaded.io.netty.util.concurrent.AbstractEventExecutor.safeExecute(AbstractEventExecutor.java:163)
	at com.alibaba.nacos.shaded.io.grpc.netty.shaded.io.netty.util.concurrent.SingleThreadEventExecutor.runAllTasks(SingleThreadEventExecutor.java:416)
	at com.alibaba.nacos.shaded.io.grpc.netty.shaded.io.netty.channel.nio.NioEventLoop.run(NioEventLoop.java:515)
	at com.alibaba.nacos.shaded.io.grpc.netty.shaded.io.netty.util.concurrent.SingleThreadEventExecutor$5.run(SingleThreadEventExecutor.java:918)
	at com.alibaba.nacos.shaded.io.grpc.netty.shaded.io.netty.util.internal.ThreadExecutorMap$2.run(ThreadExecutorMap.java:74)
	at com.alibaba.nacos.shaded.io.grpc.netty.shaded.io.netty.util.concurrent.FastThreadLocalRunnable.run(FastThreadLocalRunnable.java:30)
	at java.lang.Thread.run(Thread.java:750)
21:39:10.301 [32m[com.alibaba.nacos.client.remote.worker][0;39m ERROR [34mc.a.n.c.r.c.g.GrpcClient[0;39m - [printIfErrorEnabled,99] - Server check fail, please check server 123.249.79.51 ,port 9848 is available , error ={}
java.util.concurrent.ExecutionException: com.alibaba.nacos.shaded.io.grpc.StatusRuntimeException: UNAVAILABLE: io exception
	at com.alibaba.nacos.shaded.com.google.common.util.concurrent.AbstractFuture.getDoneValue(AbstractFuture.java:566)
	at com.alibaba.nacos.shaded.com.google.common.util.concurrent.AbstractFuture.get(AbstractFuture.java:445)
	at com.alibaba.nacos.common.remote.client.grpc.GrpcClient.serverCheck(GrpcClient.java:148)
	at com.alibaba.nacos.common.remote.client.grpc.GrpcClient.connectToServer(GrpcClient.java:264)
	at com.alibaba.nacos.common.remote.client.RpcClient.reconnect(RpcClient.java:522)
	at com.alibaba.nacos.common.remote.client.RpcClient.lambda$start$2(RpcClient.java:370)
	at java.util.concurrent.Executors$RunnableAdapter.call(Executors.java:511)
	at java.util.concurrent.FutureTask.run$$$capture(FutureTask.java:266)
	at java.util.concurrent.FutureTask.run(FutureTask.java)
	at java.util.concurrent.ScheduledThreadPoolExecutor$ScheduledFutureTask.access$201(ScheduledThreadPoolExecutor.java:180)
	at java.util.concurrent.ScheduledThreadPoolExecutor$ScheduledFutureTask.run(ScheduledThreadPoolExecutor.java:293)
	at java.util.concurrent.ThreadPoolExecutor.runWorker(ThreadPoolExecutor.java:1149)
	at java.util.concurrent.ThreadPoolExecutor$Worker.run(ThreadPoolExecutor.java:624)
	at java.lang.Thread.run(Thread.java:750)
Caused by: com.alibaba.nacos.shaded.io.grpc.StatusRuntimeException: UNAVAILABLE: io exception
	at com.alibaba.nacos.shaded.io.grpc.Status.asRuntimeException(Status.java:533)
	at com.alibaba.nacos.shaded.io.grpc.stub.ClientCalls$UnaryStreamToFuture.onClose(ClientCalls.java:490)
	at com.alibaba.nacos.shaded.io.grpc.PartialForwardingClientCallListener.onClose(PartialForwardingClientCallListener.java:39)
	at com.alibaba.nacos.shaded.io.grpc.ForwardingClientCallListener.onClose(ForwardingClientCallListener.java:23)
	at com.alibaba.nacos.shaded.io.grpc.ForwardingClientCallListener$SimpleForwardingClientCallListener.onClose(ForwardingClientCallListener.java:40)
	at com.alibaba.nacos.shaded.io.grpc.internal.CensusStatsModule$StatsClientInterceptor$1$1.onClose(CensusStatsModule.java:700)
	at com.alibaba.nacos.shaded.io.grpc.PartialForwardingClientCallListener.onClose(PartialForwardingClientCallListener.java:39)
	at com.alibaba.nacos.shaded.io.grpc.ForwardingClientCallListener.onClose(ForwardingClientCallListener.java:23)
	at com.alibaba.nacos.shaded.io.grpc.ForwardingClientCallListener$SimpleForwardingClientCallListener.onClose(ForwardingClientCallListener.java:40)
	at com.alibaba.nacos.shaded.io.grpc.internal.CensusTracingModule$TracingClientInterceptor$1$1.onClose(CensusTracingModule.java:399)
	at com.alibaba.nacos.shaded.io.grpc.internal.ClientCallImpl.closeObserver(ClientCallImpl.java:510)
	at com.alibaba.nacos.shaded.io.grpc.internal.ClientCallImpl.access$300(ClientCallImpl.java:66)
	at com.alibaba.nacos.shaded.io.grpc.internal.ClientCallImpl$ClientStreamListenerImpl.close(ClientCallImpl.java:630)
	at com.alibaba.nacos.shaded.io.grpc.internal.ClientCallImpl$ClientStreamListenerImpl.access$700(ClientCallImpl.java:518)
	at com.alibaba.nacos.shaded.io.grpc.internal.ClientCallImpl$ClientStreamListenerImpl$1StreamClosed.runInternal(ClientCallImpl.java:692)
	at com.alibaba.nacos.shaded.io.grpc.internal.ClientCallImpl$ClientStreamListenerImpl$1StreamClosed.runInContext(ClientCallImpl.java:681)
	at com.alibaba.nacos.shaded.io.grpc.internal.ContextRunnable.run(ContextRunnable.java:37)
	at com.alibaba.nacos.shaded.io.grpc.internal.SerializingExecutor.run(SerializingExecutor.java:123)
	... 3 common frames omitted
Caused by: com.alibaba.nacos.shaded.io.grpc.netty.shaded.io.netty.channel.AbstractChannel$AnnotatedSocketException: Network is unreachable: /123.249.79.51:9848
Caused by: java.net.SocketException: Network is unreachable
	at sun.nio.ch.Net.connect0(Native Method)
	at sun.nio.ch.Net.connect(Net.java:459)
	at sun.nio.ch.Net.connect(Net.java:451)
	at sun.nio.ch.SocketChannelImpl.connect(SocketChannelImpl.java:646)
	at com.alibaba.nacos.shaded.io.grpc.netty.shaded.io.netty.util.internal.SocketUtils$3.run(SocketUtils.java:83)
	at com.alibaba.nacos.shaded.io.grpc.netty.shaded.io.netty.util.internal.SocketUtils$3.run(SocketUtils.java:80)
	at java.security.AccessController.doPrivileged(Native Method)
	at com.alibaba.nacos.shaded.io.grpc.netty.shaded.io.netty.util.internal.SocketUtils.connect(SocketUtils.java:80)
	at com.alibaba.nacos.shaded.io.grpc.netty.shaded.io.netty.channel.socket.nio.NioSocketChannel.doConnect(NioSocketChannel.java:312)
	at com.alibaba.nacos.shaded.io.grpc.netty.shaded.io.netty.channel.nio.AbstractNioChannel$AbstractNioUnsafe.connect(AbstractNioChannel.java:250)
	at com.alibaba.nacos.shaded.io.grpc.netty.shaded.io.netty.channel.DefaultChannelPipeline$HeadContext.connect(DefaultChannelPipeline.java:1353)
	at com.alibaba.nacos.shaded.io.grpc.netty.shaded.io.netty.channel.AbstractChannelHandlerContext.invokeConnect(AbstractChannelHandlerContext.java:547)
	at com.alibaba.nacos.shaded.io.grpc.netty.shaded.io.netty.channel.AbstractChannelHandlerContext.connect(AbstractChannelHandlerContext.java:532)
	at com.alibaba.nacos.shaded.io.grpc.netty.shaded.io.netty.channel.ChannelDuplexHandler.connect(ChannelDuplexHandler.java:54)
	at com.alibaba.nacos.shaded.io.grpc.netty.shaded.io.grpc.netty.WriteBufferingAndExceptionHandler.connect(WriteBufferingAndExceptionHandler.java:150)
	at com.alibaba.nacos.shaded.io.grpc.netty.shaded.io.netty.channel.AbstractChannelHandlerContext.invokeConnect(AbstractChannelHandlerContext.java:547)
	at com.alibaba.nacos.shaded.io.grpc.netty.shaded.io.netty.channel.AbstractChannelHandlerContext.access$1000(AbstractChannelHandlerContext.java:56)
	at com.alibaba.nacos.shaded.io.grpc.netty.shaded.io.netty.channel.AbstractChannelHandlerContext$9.run(AbstractChannelHandlerContext.java:537)
	at com.alibaba.nacos.shaded.io.grpc.netty.shaded.io.netty.util.concurrent.AbstractEventExecutor.safeExecute(AbstractEventExecutor.java:163)
	at com.alibaba.nacos.shaded.io.grpc.netty.shaded.io.netty.util.concurrent.SingleThreadEventExecutor.runAllTasks(SingleThreadEventExecutor.java:416)
	at com.alibaba.nacos.shaded.io.grpc.netty.shaded.io.netty.channel.nio.NioEventLoop.run(NioEventLoop.java:515)
	at com.alibaba.nacos.shaded.io.grpc.netty.shaded.io.netty.util.concurrent.SingleThreadEventExecutor$5.run(SingleThreadEventExecutor.java:918)
	at com.alibaba.nacos.shaded.io.grpc.netty.shaded.io.netty.util.internal.ThreadExecutorMap$2.run(ThreadExecutorMap.java:74)
	at com.alibaba.nacos.shaded.io.grpc.netty.shaded.io.netty.util.concurrent.FastThreadLocalRunnable.run(FastThreadLocalRunnable.java:30)
	at java.lang.Thread.run(Thread.java:750)
21:39:10.614 [32m[com.alibaba.nacos.client.remote.worker][0;39m ERROR [34mc.a.n.c.r.c.g.GrpcClient[0;39m - [printIfErrorEnabled,99] - Server check fail, please check server 123.249.79.51 ,port 9848 is available , error ={}
java.util.concurrent.ExecutionException: com.alibaba.nacos.shaded.io.grpc.StatusRuntimeException: UNAVAILABLE: io exception
	at com.alibaba.nacos.shaded.com.google.common.util.concurrent.AbstractFuture.getDoneValue(AbstractFuture.java:566)
	at com.alibaba.nacos.shaded.com.google.common.util.concurrent.AbstractFuture.get(AbstractFuture.java:445)
	at com.alibaba.nacos.common.remote.client.grpc.GrpcClient.serverCheck(GrpcClient.java:148)
	at com.alibaba.nacos.common.remote.client.grpc.GrpcClient.connectToServer(GrpcClient.java:264)
	at com.alibaba.nacos.common.remote.client.RpcClient.reconnect(RpcClient.java:522)
	at com.alibaba.nacos.common.remote.client.RpcClient.lambda$start$2(RpcClient.java:370)
	at java.util.concurrent.Executors$RunnableAdapter.call(Executors.java:511)
	at java.util.concurrent.FutureTask.run$$$capture(FutureTask.java:266)
	at java.util.concurrent.FutureTask.run(FutureTask.java)
	at java.util.concurrent.ScheduledThreadPoolExecutor$ScheduledFutureTask.access$201(ScheduledThreadPoolExecutor.java:180)
	at java.util.concurrent.ScheduledThreadPoolExecutor$ScheduledFutureTask.run(ScheduledThreadPoolExecutor.java:293)
	at java.util.concurrent.ThreadPoolExecutor.runWorker(ThreadPoolExecutor.java:1149)
	at java.util.concurrent.ThreadPoolExecutor$Worker.run(ThreadPoolExecutor.java:624)
	at java.lang.Thread.run(Thread.java:750)
Caused by: com.alibaba.nacos.shaded.io.grpc.StatusRuntimeException: UNAVAILABLE: io exception
	at com.alibaba.nacos.shaded.io.grpc.Status.asRuntimeException(Status.java:533)
	at com.alibaba.nacos.shaded.io.grpc.stub.ClientCalls$UnaryStreamToFuture.onClose(ClientCalls.java:490)
	at com.alibaba.nacos.shaded.io.grpc.PartialForwardingClientCallListener.onClose(PartialForwardingClientCallListener.java:39)
	at com.alibaba.nacos.shaded.io.grpc.ForwardingClientCallListener.onClose(ForwardingClientCallListener.java:23)
	at com.alibaba.nacos.shaded.io.grpc.ForwardingClientCallListener$SimpleForwardingClientCallListener.onClose(ForwardingClientCallListener.java:40)
	at com.alibaba.nacos.shaded.io.grpc.internal.CensusStatsModule$StatsClientInterceptor$1$1.onClose(CensusStatsModule.java:700)
	at com.alibaba.nacos.shaded.io.grpc.PartialForwardingClientCallListener.onClose(PartialForwardingClientCallListener.java:39)
	at com.alibaba.nacos.shaded.io.grpc.ForwardingClientCallListener.onClose(ForwardingClientCallListener.java:23)
	at com.alibaba.nacos.shaded.io.grpc.ForwardingClientCallListener$SimpleForwardingClientCallListener.onClose(ForwardingClientCallListener.java:40)
	at com.alibaba.nacos.shaded.io.grpc.internal.CensusTracingModule$TracingClientInterceptor$1$1.onClose(CensusTracingModule.java:399)
	at com.alibaba.nacos.shaded.io.grpc.internal.ClientCallImpl.closeObserver(ClientCallImpl.java:510)
	at com.alibaba.nacos.shaded.io.grpc.internal.ClientCallImpl.access$300(ClientCallImpl.java:66)
	at com.alibaba.nacos.shaded.io.grpc.internal.ClientCallImpl$ClientStreamListenerImpl.close(ClientCallImpl.java:630)
	at com.alibaba.nacos.shaded.io.grpc.internal.ClientCallImpl$ClientStreamListenerImpl.access$700(ClientCallImpl.java:518)
	at com.alibaba.nacos.shaded.io.grpc.internal.ClientCallImpl$ClientStreamListenerImpl$1StreamClosed.runInternal(ClientCallImpl.java:692)
	at com.alibaba.nacos.shaded.io.grpc.internal.ClientCallImpl$ClientStreamListenerImpl$1StreamClosed.runInContext(ClientCallImpl.java:681)
	at com.alibaba.nacos.shaded.io.grpc.internal.ContextRunnable.run(ContextRunnable.java:37)
	at com.alibaba.nacos.shaded.io.grpc.internal.SerializingExecutor.run(SerializingExecutor.java:123)
	... 3 common frames omitted
Caused by: com.alibaba.nacos.shaded.io.grpc.netty.shaded.io.netty.channel.AbstractChannel$AnnotatedSocketException: Network is unreachable: /123.249.79.51:9848
Caused by: java.net.SocketException: Network is unreachable
	at sun.nio.ch.Net.connect0(Native Method)
	at sun.nio.ch.Net.connect(Net.java:459)
	at sun.nio.ch.Net.connect(Net.java:451)
	at sun.nio.ch.SocketChannelImpl.connect(SocketChannelImpl.java:646)
	at com.alibaba.nacos.shaded.io.grpc.netty.shaded.io.netty.util.internal.SocketUtils$3.run(SocketUtils.java:83)
	at com.alibaba.nacos.shaded.io.grpc.netty.shaded.io.netty.util.internal.SocketUtils$3.run(SocketUtils.java:80)
	at java.security.AccessController.doPrivileged(Native Method)
	at com.alibaba.nacos.shaded.io.grpc.netty.shaded.io.netty.util.internal.SocketUtils.connect(SocketUtils.java:80)
	at com.alibaba.nacos.shaded.io.grpc.netty.shaded.io.netty.channel.socket.nio.NioSocketChannel.doConnect(NioSocketChannel.java:312)
	at com.alibaba.nacos.shaded.io.grpc.netty.shaded.io.netty.channel.nio.AbstractNioChannel$AbstractNioUnsafe.connect(AbstractNioChannel.java:250)
	at com.alibaba.nacos.shaded.io.grpc.netty.shaded.io.netty.channel.DefaultChannelPipeline$HeadContext.connect(DefaultChannelPipeline.java:1353)
	at com.alibaba.nacos.shaded.io.grpc.netty.shaded.io.netty.channel.AbstractChannelHandlerContext.invokeConnect(AbstractChannelHandlerContext.java:547)
	at com.alibaba.nacos.shaded.io.grpc.netty.shaded.io.netty.channel.AbstractChannelHandlerContext.connect(AbstractChannelHandlerContext.java:532)
	at com.alibaba.nacos.shaded.io.grpc.netty.shaded.io.netty.channel.ChannelDuplexHandler.connect(ChannelDuplexHandler.java:54)
	at com.alibaba.nacos.shaded.io.grpc.netty.shaded.io.grpc.netty.WriteBufferingAndExceptionHandler.connect(WriteBufferingAndExceptionHandler.java:150)
	at com.alibaba.nacos.shaded.io.grpc.netty.shaded.io.netty.channel.AbstractChannelHandlerContext.invokeConnect(AbstractChannelHandlerContext.java:547)
	at com.alibaba.nacos.shaded.io.grpc.netty.shaded.io.netty.channel.AbstractChannelHandlerContext.access$1000(AbstractChannelHandlerContext.java:56)
	at com.alibaba.nacos.shaded.io.grpc.netty.shaded.io.netty.channel.AbstractChannelHandlerContext$9.run(AbstractChannelHandlerContext.java:537)
	at com.alibaba.nacos.shaded.io.grpc.netty.shaded.io.netty.util.concurrent.AbstractEventExecutor.safeExecute(AbstractEventExecutor.java:163)
	at com.alibaba.nacos.shaded.io.grpc.netty.shaded.io.netty.util.concurrent.SingleThreadEventExecutor.runAllTasks(SingleThreadEventExecutor.java:416)
	at com.alibaba.nacos.shaded.io.grpc.netty.shaded.io.netty.channel.nio.NioEventLoop.run(NioEventLoop.java:515)
	at com.alibaba.nacos.shaded.io.grpc.netty.shaded.io.netty.util.concurrent.SingleThreadEventExecutor$5.run(SingleThreadEventExecutor.java:918)
	at com.alibaba.nacos.shaded.io.grpc.netty.shaded.io.netty.util.internal.ThreadExecutorMap$2.run(ThreadExecutorMap.java:74)
	at com.alibaba.nacos.shaded.io.grpc.netty.shaded.io.netty.util.concurrent.FastThreadLocalRunnable.run(FastThreadLocalRunnable.java:30)
	at java.lang.Thread.run(Thread.java:750)
21:39:10.620 [32m[com.alibaba.nacos.client.remote.worker][0;39m ERROR [34mc.a.n.c.r.c.g.GrpcClient[0;39m - [printIfErrorEnabled,99] - Server check fail, please check server 123.249.79.51 ,port 9848 is available , error ={}
java.util.concurrent.ExecutionException: com.alibaba.nacos.shaded.io.grpc.StatusRuntimeException: UNAVAILABLE: io exception
	at com.alibaba.nacos.shaded.com.google.common.util.concurrent.AbstractFuture.getDoneValue(AbstractFuture.java:566)
	at com.alibaba.nacos.shaded.com.google.common.util.concurrent.AbstractFuture.get(AbstractFuture.java:445)
	at com.alibaba.nacos.common.remote.client.grpc.GrpcClient.serverCheck(GrpcClient.java:148)
	at com.alibaba.nacos.common.remote.client.grpc.GrpcClient.connectToServer(GrpcClient.java:264)
	at com.alibaba.nacos.common.remote.client.RpcClient.reconnect(RpcClient.java:522)
	at com.alibaba.nacos.common.remote.client.RpcClient.lambda$start$2(RpcClient.java:370)
	at java.util.concurrent.Executors$RunnableAdapter.call(Executors.java:511)
	at java.util.concurrent.FutureTask.run$$$capture(FutureTask.java:266)
	at java.util.concurrent.FutureTask.run(FutureTask.java)
	at java.util.concurrent.ScheduledThreadPoolExecutor$ScheduledFutureTask.access$201(ScheduledThreadPoolExecutor.java:180)
	at java.util.concurrent.ScheduledThreadPoolExecutor$ScheduledFutureTask.run(ScheduledThreadPoolExecutor.java:293)
	at java.util.concurrent.ThreadPoolExecutor.runWorker(ThreadPoolExecutor.java:1149)
	at java.util.concurrent.ThreadPoolExecutor$Worker.run(ThreadPoolExecutor.java:624)
	at java.lang.Thread.run(Thread.java:750)
Caused by: com.alibaba.nacos.shaded.io.grpc.StatusRuntimeException: UNAVAILABLE: io exception
	at com.alibaba.nacos.shaded.io.grpc.Status.asRuntimeException(Status.java:533)
	at com.alibaba.nacos.shaded.io.grpc.stub.ClientCalls$UnaryStreamToFuture.onClose(ClientCalls.java:490)
	at com.alibaba.nacos.shaded.io.grpc.PartialForwardingClientCallListener.onClose(PartialForwardingClientCallListener.java:39)
	at com.alibaba.nacos.shaded.io.grpc.ForwardingClientCallListener.onClose(ForwardingClientCallListener.java:23)
	at com.alibaba.nacos.shaded.io.grpc.ForwardingClientCallListener$SimpleForwardingClientCallListener.onClose(ForwardingClientCallListener.java:40)
	at com.alibaba.nacos.shaded.io.grpc.internal.CensusStatsModule$StatsClientInterceptor$1$1.onClose(CensusStatsModule.java:700)
	at com.alibaba.nacos.shaded.io.grpc.PartialForwardingClientCallListener.onClose(PartialForwardingClientCallListener.java:39)
	at com.alibaba.nacos.shaded.io.grpc.ForwardingClientCallListener.onClose(ForwardingClientCallListener.java:23)
	at com.alibaba.nacos.shaded.io.grpc.ForwardingClientCallListener$SimpleForwardingClientCallListener.onClose(ForwardingClientCallListener.java:40)
	at com.alibaba.nacos.shaded.io.grpc.internal.CensusTracingModule$TracingClientInterceptor$1$1.onClose(CensusTracingModule.java:399)
	at com.alibaba.nacos.shaded.io.grpc.internal.ClientCallImpl.closeObserver(ClientCallImpl.java:510)
	at com.alibaba.nacos.shaded.io.grpc.internal.ClientCallImpl.access$300(ClientCallImpl.java:66)
	at com.alibaba.nacos.shaded.io.grpc.internal.ClientCallImpl$ClientStreamListenerImpl.close(ClientCallImpl.java:630)
	at com.alibaba.nacos.shaded.io.grpc.internal.ClientCallImpl$ClientStreamListenerImpl.access$700(ClientCallImpl.java:518)
	at com.alibaba.nacos.shaded.io.grpc.internal.ClientCallImpl$ClientStreamListenerImpl$1StreamClosed.runInternal(ClientCallImpl.java:692)
	at com.alibaba.nacos.shaded.io.grpc.internal.ClientCallImpl$ClientStreamListenerImpl$1StreamClosed.runInContext(ClientCallImpl.java:681)
	at com.alibaba.nacos.shaded.io.grpc.internal.ContextRunnable.run(ContextRunnable.java:37)
	at com.alibaba.nacos.shaded.io.grpc.internal.SerializingExecutor.run(SerializingExecutor.java:123)
	... 3 common frames omitted
Caused by: com.alibaba.nacos.shaded.io.grpc.netty.shaded.io.netty.channel.AbstractChannel$AnnotatedSocketException: Network is unreachable: /123.249.79.51:9848
Caused by: java.net.SocketException: Network is unreachable
	at sun.nio.ch.Net.connect0(Native Method)
	at sun.nio.ch.Net.connect(Net.java:459)
	at sun.nio.ch.Net.connect(Net.java:451)
	at sun.nio.ch.SocketChannelImpl.connect(SocketChannelImpl.java:646)
	at com.alibaba.nacos.shaded.io.grpc.netty.shaded.io.netty.util.internal.SocketUtils$3.run(SocketUtils.java:83)
	at com.alibaba.nacos.shaded.io.grpc.netty.shaded.io.netty.util.internal.SocketUtils$3.run(SocketUtils.java:80)
	at java.security.AccessController.doPrivileged(Native Method)
	at com.alibaba.nacos.shaded.io.grpc.netty.shaded.io.netty.util.internal.SocketUtils.connect(SocketUtils.java:80)
	at com.alibaba.nacos.shaded.io.grpc.netty.shaded.io.netty.channel.socket.nio.NioSocketChannel.doConnect(NioSocketChannel.java:312)
	at com.alibaba.nacos.shaded.io.grpc.netty.shaded.io.netty.channel.nio.AbstractNioChannel$AbstractNioUnsafe.connect(AbstractNioChannel.java:250)
	at com.alibaba.nacos.shaded.io.grpc.netty.shaded.io.netty.channel.DefaultChannelPipeline$HeadContext.connect(DefaultChannelPipeline.java:1353)
	at com.alibaba.nacos.shaded.io.grpc.netty.shaded.io.netty.channel.AbstractChannelHandlerContext.invokeConnect(AbstractChannelHandlerContext.java:547)
	at com.alibaba.nacos.shaded.io.grpc.netty.shaded.io.netty.channel.AbstractChannelHandlerContext.connect(AbstractChannelHandlerContext.java:532)
	at com.alibaba.nacos.shaded.io.grpc.netty.shaded.io.netty.channel.ChannelDuplexHandler.connect(ChannelDuplexHandler.java:54)
	at com.alibaba.nacos.shaded.io.grpc.netty.shaded.io.grpc.netty.WriteBufferingAndExceptionHandler.connect(WriteBufferingAndExceptionHandler.java:150)
	at com.alibaba.nacos.shaded.io.grpc.netty.shaded.io.netty.channel.AbstractChannelHandlerContext.invokeConnect(AbstractChannelHandlerContext.java:547)
	at com.alibaba.nacos.shaded.io.grpc.netty.shaded.io.netty.channel.AbstractChannelHandlerContext.access$1000(AbstractChannelHandlerContext.java:56)
	at com.alibaba.nacos.shaded.io.grpc.netty.shaded.io.netty.channel.AbstractChannelHandlerContext$9.run(AbstractChannelHandlerContext.java:537)
	at com.alibaba.nacos.shaded.io.grpc.netty.shaded.io.netty.util.concurrent.AbstractEventExecutor.safeExecute(AbstractEventExecutor.java:163)
	at com.alibaba.nacos.shaded.io.grpc.netty.shaded.io.netty.util.concurrent.SingleThreadEventExecutor.runAllTasks(SingleThreadEventExecutor.java:416)
	at com.alibaba.nacos.shaded.io.grpc.netty.shaded.io.netty.channel.nio.NioEventLoop.run(NioEventLoop.java:515)
	at com.alibaba.nacos.shaded.io.grpc.netty.shaded.io.netty.util.concurrent.SingleThreadEventExecutor$5.run(SingleThreadEventExecutor.java:918)
	at com.alibaba.nacos.shaded.io.grpc.netty.shaded.io.netty.util.internal.ThreadExecutorMap$2.run(ThreadExecutorMap.java:74)
	at com.alibaba.nacos.shaded.io.grpc.netty.shaded.io.netty.util.concurrent.FastThreadLocalRunnable.run(FastThreadLocalRunnable.java:30)
	at java.lang.Thread.run(Thread.java:750)
21:39:11.032 [32m[com.alibaba.nacos.client.remote.worker][0;39m ERROR [34mc.a.n.c.r.c.g.GrpcClient[0;39m - [printIfErrorEnabled,99] - Server check fail, please check server 123.249.79.51 ,port 9848 is available , error ={}
java.util.concurrent.ExecutionException: com.alibaba.nacos.shaded.io.grpc.StatusRuntimeException: UNAVAILABLE: io exception
	at com.alibaba.nacos.shaded.com.google.common.util.concurrent.AbstractFuture.getDoneValue(AbstractFuture.java:566)
	at com.alibaba.nacos.shaded.com.google.common.util.concurrent.AbstractFuture.get(AbstractFuture.java:445)
	at com.alibaba.nacos.common.remote.client.grpc.GrpcClient.serverCheck(GrpcClient.java:148)
	at com.alibaba.nacos.common.remote.client.grpc.GrpcClient.connectToServer(GrpcClient.java:264)
	at com.alibaba.nacos.common.remote.client.RpcClient.reconnect(RpcClient.java:522)
	at com.alibaba.nacos.common.remote.client.RpcClient.lambda$start$2(RpcClient.java:370)
	at java.util.concurrent.Executors$RunnableAdapter.call(Executors.java:511)
	at java.util.concurrent.FutureTask.run$$$capture(FutureTask.java:266)
	at java.util.concurrent.FutureTask.run(FutureTask.java)
	at java.util.concurrent.ScheduledThreadPoolExecutor$ScheduledFutureTask.access$201(ScheduledThreadPoolExecutor.java:180)
	at java.util.concurrent.ScheduledThreadPoolExecutor$ScheduledFutureTask.run(ScheduledThreadPoolExecutor.java:293)
	at java.util.concurrent.ThreadPoolExecutor.runWorker(ThreadPoolExecutor.java:1149)
	at java.util.concurrent.ThreadPoolExecutor$Worker.run(ThreadPoolExecutor.java:624)
	at java.lang.Thread.run(Thread.java:750)
Caused by: com.alibaba.nacos.shaded.io.grpc.StatusRuntimeException: UNAVAILABLE: io exception
	at com.alibaba.nacos.shaded.io.grpc.Status.asRuntimeException(Status.java:533)
	at com.alibaba.nacos.shaded.io.grpc.stub.ClientCalls$UnaryStreamToFuture.onClose(ClientCalls.java:490)
	at com.alibaba.nacos.shaded.io.grpc.PartialForwardingClientCallListener.onClose(PartialForwardingClientCallListener.java:39)
	at com.alibaba.nacos.shaded.io.grpc.ForwardingClientCallListener.onClose(ForwardingClientCallListener.java:23)
	at com.alibaba.nacos.shaded.io.grpc.ForwardingClientCallListener$SimpleForwardingClientCallListener.onClose(ForwardingClientCallListener.java:40)
	at com.alibaba.nacos.shaded.io.grpc.internal.CensusStatsModule$StatsClientInterceptor$1$1.onClose(CensusStatsModule.java:700)
	at com.alibaba.nacos.shaded.io.grpc.PartialForwardingClientCallListener.onClose(PartialForwardingClientCallListener.java:39)
	at com.alibaba.nacos.shaded.io.grpc.ForwardingClientCallListener.onClose(ForwardingClientCallListener.java:23)
	at com.alibaba.nacos.shaded.io.grpc.ForwardingClientCallListener$SimpleForwardingClientCallListener.onClose(ForwardingClientCallListener.java:40)
	at com.alibaba.nacos.shaded.io.grpc.internal.CensusTracingModule$TracingClientInterceptor$1$1.onClose(CensusTracingModule.java:399)
	at com.alibaba.nacos.shaded.io.grpc.internal.ClientCallImpl.closeObserver(ClientCallImpl.java:510)
	at com.alibaba.nacos.shaded.io.grpc.internal.ClientCallImpl.access$300(ClientCallImpl.java:66)
	at com.alibaba.nacos.shaded.io.grpc.internal.ClientCallImpl$ClientStreamListenerImpl.close(ClientCallImpl.java:630)
	at com.alibaba.nacos.shaded.io.grpc.internal.ClientCallImpl$ClientStreamListenerImpl.access$700(ClientCallImpl.java:518)
	at com.alibaba.nacos.shaded.io.grpc.internal.ClientCallImpl$ClientStreamListenerImpl$1StreamClosed.runInternal(ClientCallImpl.java:692)
	at com.alibaba.nacos.shaded.io.grpc.internal.ClientCallImpl$ClientStreamListenerImpl$1StreamClosed.runInContext(ClientCallImpl.java:681)
	at com.alibaba.nacos.shaded.io.grpc.internal.ContextRunnable.run(ContextRunnable.java:37)
	at com.alibaba.nacos.shaded.io.grpc.internal.SerializingExecutor.run(SerializingExecutor.java:123)
	... 3 common frames omitted
Caused by: com.alibaba.nacos.shaded.io.grpc.netty.shaded.io.netty.channel.AbstractChannel$AnnotatedSocketException: Network is unreachable: /123.249.79.51:9848
Caused by: java.net.SocketException: Network is unreachable
	at sun.nio.ch.Net.connect0(Native Method)
	at sun.nio.ch.Net.connect(Net.java:459)
	at sun.nio.ch.Net.connect(Net.java:451)
	at sun.nio.ch.SocketChannelImpl.connect(SocketChannelImpl.java:646)
	at com.alibaba.nacos.shaded.io.grpc.netty.shaded.io.netty.util.internal.SocketUtils$3.run(SocketUtils.java:83)
	at com.alibaba.nacos.shaded.io.grpc.netty.shaded.io.netty.util.internal.SocketUtils$3.run(SocketUtils.java:80)
	at java.security.AccessController.doPrivileged(Native Method)
	at com.alibaba.nacos.shaded.io.grpc.netty.shaded.io.netty.util.internal.SocketUtils.connect(SocketUtils.java:80)
	at com.alibaba.nacos.shaded.io.grpc.netty.shaded.io.netty.channel.socket.nio.NioSocketChannel.doConnect(NioSocketChannel.java:312)
	at com.alibaba.nacos.shaded.io.grpc.netty.shaded.io.netty.channel.nio.AbstractNioChannel$AbstractNioUnsafe.connect(AbstractNioChannel.java:250)
	at com.alibaba.nacos.shaded.io.grpc.netty.shaded.io.netty.channel.DefaultChannelPipeline$HeadContext.connect(DefaultChannelPipeline.java:1353)
	at com.alibaba.nacos.shaded.io.grpc.netty.shaded.io.netty.channel.AbstractChannelHandlerContext.invokeConnect(AbstractChannelHandlerContext.java:547)
	at com.alibaba.nacos.shaded.io.grpc.netty.shaded.io.netty.channel.AbstractChannelHandlerContext.connect(AbstractChannelHandlerContext.java:532)
	at com.alibaba.nacos.shaded.io.grpc.netty.shaded.io.netty.channel.ChannelDuplexHandler.connect(ChannelDuplexHandler.java:54)
	at com.alibaba.nacos.shaded.io.grpc.netty.shaded.io.grpc.netty.WriteBufferingAndExceptionHandler.connect(WriteBufferingAndExceptionHandler.java:150)
	at com.alibaba.nacos.shaded.io.grpc.netty.shaded.io.netty.channel.AbstractChannelHandlerContext.invokeConnect(AbstractChannelHandlerContext.java:547)
	at com.alibaba.nacos.shaded.io.grpc.netty.shaded.io.netty.channel.AbstractChannelHandlerContext.access$1000(AbstractChannelHandlerContext.java:56)
	at com.alibaba.nacos.shaded.io.grpc.netty.shaded.io.netty.channel.AbstractChannelHandlerContext$9.run(AbstractChannelHandlerContext.java:537)
	at com.alibaba.nacos.shaded.io.grpc.netty.shaded.io.netty.util.concurrent.AbstractEventExecutor.safeExecute(AbstractEventExecutor.java:163)
	at com.alibaba.nacos.shaded.io.grpc.netty.shaded.io.netty.util.concurrent.SingleThreadEventExecutor.runAllTasks(SingleThreadEventExecutor.java:416)
	at com.alibaba.nacos.shaded.io.grpc.netty.shaded.io.netty.channel.nio.NioEventLoop.run(NioEventLoop.java:515)
	at com.alibaba.nacos.shaded.io.grpc.netty.shaded.io.netty.util.concurrent.SingleThreadEventExecutor$5.run(SingleThreadEventExecutor.java:918)
	at com.alibaba.nacos.shaded.io.grpc.netty.shaded.io.netty.util.internal.ThreadExecutorMap$2.run(ThreadExecutorMap.java:74)
	at com.alibaba.nacos.shaded.io.grpc.netty.shaded.io.netty.util.concurrent.FastThreadLocalRunnable.run(FastThreadLocalRunnable.java:30)
	at java.lang.Thread.run(Thread.java:750)
21:39:11.339 [32m[com.alibaba.nacos.client.remote.worker][0;39m ERROR [34mc.a.n.c.r.c.g.GrpcClient[0;39m - [printIfErrorEnabled,99] - Server check fail, please check server 123.249.79.51 ,port 9848 is available , error ={}
java.util.concurrent.ExecutionException: com.alibaba.nacos.shaded.io.grpc.StatusRuntimeException: UNAVAILABLE: io exception
	at com.alibaba.nacos.shaded.com.google.common.util.concurrent.AbstractFuture.getDoneValue(AbstractFuture.java:566)
	at com.alibaba.nacos.shaded.com.google.common.util.concurrent.AbstractFuture.get(AbstractFuture.java:445)
	at com.alibaba.nacos.common.remote.client.grpc.GrpcClient.serverCheck(GrpcClient.java:148)
	at com.alibaba.nacos.common.remote.client.grpc.GrpcClient.connectToServer(GrpcClient.java:264)
	at com.alibaba.nacos.common.remote.client.RpcClient.reconnect(RpcClient.java:522)
	at com.alibaba.nacos.common.remote.client.RpcClient.lambda$start$2(RpcClient.java:370)
	at java.util.concurrent.Executors$RunnableAdapter.call(Executors.java:511)
	at java.util.concurrent.FutureTask.run$$$capture(FutureTask.java:266)
	at java.util.concurrent.FutureTask.run(FutureTask.java)
	at java.util.concurrent.ScheduledThreadPoolExecutor$ScheduledFutureTask.access$201(ScheduledThreadPoolExecutor.java:180)
	at java.util.concurrent.ScheduledThreadPoolExecutor$ScheduledFutureTask.run(ScheduledThreadPoolExecutor.java:293)
	at java.util.concurrent.ThreadPoolExecutor.runWorker(ThreadPoolExecutor.java:1149)
	at java.util.concurrent.ThreadPoolExecutor$Worker.run(ThreadPoolExecutor.java:624)
	at java.lang.Thread.run(Thread.java:750)
Caused by: com.alibaba.nacos.shaded.io.grpc.StatusRuntimeException: UNAVAILABLE: io exception
	at com.alibaba.nacos.shaded.io.grpc.Status.asRuntimeException(Status.java:533)
	at com.alibaba.nacos.shaded.io.grpc.stub.ClientCalls$UnaryStreamToFuture.onClose(ClientCalls.java:490)
	at com.alibaba.nacos.shaded.io.grpc.PartialForwardingClientCallListener.onClose(PartialForwardingClientCallListener.java:39)
	at com.alibaba.nacos.shaded.io.grpc.ForwardingClientCallListener.onClose(ForwardingClientCallListener.java:23)
	at com.alibaba.nacos.shaded.io.grpc.ForwardingClientCallListener$SimpleForwardingClientCallListener.onClose(ForwardingClientCallListener.java:40)
	at com.alibaba.nacos.shaded.io.grpc.internal.CensusStatsModule$StatsClientInterceptor$1$1.onClose(CensusStatsModule.java:700)
	at com.alibaba.nacos.shaded.io.grpc.PartialForwardingClientCallListener.onClose(PartialForwardingClientCallListener.java:39)
	at com.alibaba.nacos.shaded.io.grpc.ForwardingClientCallListener.onClose(ForwardingClientCallListener.java:23)
	at com.alibaba.nacos.shaded.io.grpc.ForwardingClientCallListener$SimpleForwardingClientCallListener.onClose(ForwardingClientCallListener.java:40)
	at com.alibaba.nacos.shaded.io.grpc.internal.CensusTracingModule$TracingClientInterceptor$1$1.onClose(CensusTracingModule.java:399)
	at com.alibaba.nacos.shaded.io.grpc.internal.ClientCallImpl.closeObserver(ClientCallImpl.java:510)
	at com.alibaba.nacos.shaded.io.grpc.internal.ClientCallImpl.access$300(ClientCallImpl.java:66)
	at com.alibaba.nacos.shaded.io.grpc.internal.ClientCallImpl$ClientStreamListenerImpl.close(ClientCallImpl.java:630)
	at com.alibaba.nacos.shaded.io.grpc.internal.ClientCallImpl$ClientStreamListenerImpl.access$700(ClientCallImpl.java:518)
	at com.alibaba.nacos.shaded.io.grpc.internal.ClientCallImpl$ClientStreamListenerImpl$1StreamClosed.runInternal(ClientCallImpl.java:692)
	at com.alibaba.nacos.shaded.io.grpc.internal.ClientCallImpl$ClientStreamListenerImpl$1StreamClosed.runInContext(ClientCallImpl.java:681)
	at com.alibaba.nacos.shaded.io.grpc.internal.ContextRunnable.run(ContextRunnable.java:37)
	at com.alibaba.nacos.shaded.io.grpc.internal.SerializingExecutor.run(SerializingExecutor.java:123)
	... 3 common frames omitted
Caused by: com.alibaba.nacos.shaded.io.grpc.netty.shaded.io.netty.channel.AbstractChannel$AnnotatedSocketException: Network is unreachable: /123.249.79.51:9848
Caused by: java.net.SocketException: Network is unreachable
	at sun.nio.ch.Net.connect0(Native Method)
	at sun.nio.ch.Net.connect(Net.java:459)
	at sun.nio.ch.Net.connect(Net.java:451)
	at sun.nio.ch.SocketChannelImpl.connect(SocketChannelImpl.java:646)
	at com.alibaba.nacos.shaded.io.grpc.netty.shaded.io.netty.util.internal.SocketUtils$3.run(SocketUtils.java:83)
	at com.alibaba.nacos.shaded.io.grpc.netty.shaded.io.netty.util.internal.SocketUtils$3.run(SocketUtils.java:80)
	at java.security.AccessController.doPrivileged(Native Method)
	at com.alibaba.nacos.shaded.io.grpc.netty.shaded.io.netty.util.internal.SocketUtils.connect(SocketUtils.java:80)
	at com.alibaba.nacos.shaded.io.grpc.netty.shaded.io.netty.channel.socket.nio.NioSocketChannel.doConnect(NioSocketChannel.java:312)
	at com.alibaba.nacos.shaded.io.grpc.netty.shaded.io.netty.channel.nio.AbstractNioChannel$AbstractNioUnsafe.connect(AbstractNioChannel.java:250)
	at com.alibaba.nacos.shaded.io.grpc.netty.shaded.io.netty.channel.DefaultChannelPipeline$HeadContext.connect(DefaultChannelPipeline.java:1353)
	at com.alibaba.nacos.shaded.io.grpc.netty.shaded.io.netty.channel.AbstractChannelHandlerContext.invokeConnect(AbstractChannelHandlerContext.java:547)
	at com.alibaba.nacos.shaded.io.grpc.netty.shaded.io.netty.channel.AbstractChannelHandlerContext.connect(AbstractChannelHandlerContext.java:532)
	at com.alibaba.nacos.shaded.io.grpc.netty.shaded.io.netty.channel.ChannelDuplexHandler.connect(ChannelDuplexHandler.java:54)
	at com.alibaba.nacos.shaded.io.grpc.netty.shaded.io.grpc.netty.WriteBufferingAndExceptionHandler.connect(WriteBufferingAndExceptionHandler.java:150)
	at com.alibaba.nacos.shaded.io.grpc.netty.shaded.io.netty.channel.AbstractChannelHandlerContext.invokeConnect(AbstractChannelHandlerContext.java:547)
	at com.alibaba.nacos.shaded.io.grpc.netty.shaded.io.netty.channel.AbstractChannelHandlerContext.access$1000(AbstractChannelHandlerContext.java:56)
	at com.alibaba.nacos.shaded.io.grpc.netty.shaded.io.netty.channel.AbstractChannelHandlerContext$9.run(AbstractChannelHandlerContext.java:537)
	at com.alibaba.nacos.shaded.io.grpc.netty.shaded.io.netty.util.concurrent.AbstractEventExecutor.safeExecute(AbstractEventExecutor.java:163)
	at com.alibaba.nacos.shaded.io.grpc.netty.shaded.io.netty.util.concurrent.SingleThreadEventExecutor.runAllTasks(SingleThreadEventExecutor.java:416)
	at com.alibaba.nacos.shaded.io.grpc.netty.shaded.io.netty.channel.nio.NioEventLoop.run(NioEventLoop.java:515)
	at com.alibaba.nacos.shaded.io.grpc.netty.shaded.io.netty.util.concurrent.SingleThreadEventExecutor$5.run(SingleThreadEventExecutor.java:918)
	at com.alibaba.nacos.shaded.io.grpc.netty.shaded.io.netty.util.internal.ThreadExecutorMap$2.run(ThreadExecutorMap.java:74)
	at com.alibaba.nacos.shaded.io.grpc.netty.shaded.io.netty.util.concurrent.FastThreadLocalRunnable.run(FastThreadLocalRunnable.java:30)
	at java.lang.Thread.run(Thread.java:750)
21:39:11.549 [32m[com.alibaba.nacos.client.remote.worker][0;39m ERROR [34mc.a.n.c.r.c.g.GrpcClient[0;39m - [printIfErrorEnabled,99] - Server check fail, please check server 123.249.79.51 ,port 9848 is available , error ={}
java.util.concurrent.ExecutionException: com.alibaba.nacos.shaded.io.grpc.StatusRuntimeException: UNAVAILABLE: io exception
	at com.alibaba.nacos.shaded.com.google.common.util.concurrent.AbstractFuture.getDoneValue(AbstractFuture.java:566)
	at com.alibaba.nacos.shaded.com.google.common.util.concurrent.AbstractFuture.get(AbstractFuture.java:445)
	at com.alibaba.nacos.common.remote.client.grpc.GrpcClient.serverCheck(GrpcClient.java:148)
	at com.alibaba.nacos.common.remote.client.grpc.GrpcClient.connectToServer(GrpcClient.java:264)
	at com.alibaba.nacos.common.remote.client.RpcClient.reconnect(RpcClient.java:522)
	at com.alibaba.nacos.common.remote.client.RpcClient.lambda$start$2(RpcClient.java:370)
	at java.util.concurrent.Executors$RunnableAdapter.call(Executors.java:511)
	at java.util.concurrent.FutureTask.run$$$capture(FutureTask.java:266)
	at java.util.concurrent.FutureTask.run(FutureTask.java)
	at java.util.concurrent.ScheduledThreadPoolExecutor$ScheduledFutureTask.access$201(ScheduledThreadPoolExecutor.java:180)
	at java.util.concurrent.ScheduledThreadPoolExecutor$ScheduledFutureTask.run(ScheduledThreadPoolExecutor.java:293)
	at java.util.concurrent.ThreadPoolExecutor.runWorker(ThreadPoolExecutor.java:1149)
	at java.util.concurrent.ThreadPoolExecutor$Worker.run(ThreadPoolExecutor.java:624)
	at java.lang.Thread.run(Thread.java:750)
Caused by: com.alibaba.nacos.shaded.io.grpc.StatusRuntimeException: UNAVAILABLE: io exception
	at com.alibaba.nacos.shaded.io.grpc.Status.asRuntimeException(Status.java:533)
	at com.alibaba.nacos.shaded.io.grpc.stub.ClientCalls$UnaryStreamToFuture.onClose(ClientCalls.java:490)
	at com.alibaba.nacos.shaded.io.grpc.PartialForwardingClientCallListener.onClose(PartialForwardingClientCallListener.java:39)
	at com.alibaba.nacos.shaded.io.grpc.ForwardingClientCallListener.onClose(ForwardingClientCallListener.java:23)
	at com.alibaba.nacos.shaded.io.grpc.ForwardingClientCallListener$SimpleForwardingClientCallListener.onClose(ForwardingClientCallListener.java:40)
	at com.alibaba.nacos.shaded.io.grpc.internal.CensusStatsModule$StatsClientInterceptor$1$1.onClose(CensusStatsModule.java:700)
	at com.alibaba.nacos.shaded.io.grpc.PartialForwardingClientCallListener.onClose(PartialForwardingClientCallListener.java:39)
	at com.alibaba.nacos.shaded.io.grpc.ForwardingClientCallListener.onClose(ForwardingClientCallListener.java:23)
	at com.alibaba.nacos.shaded.io.grpc.ForwardingClientCallListener$SimpleForwardingClientCallListener.onClose(ForwardingClientCallListener.java:40)
	at com.alibaba.nacos.shaded.io.grpc.internal.CensusTracingModule$TracingClientInterceptor$1$1.onClose(CensusTracingModule.java:399)
	at com.alibaba.nacos.shaded.io.grpc.internal.ClientCallImpl.closeObserver(ClientCallImpl.java:510)
	at com.alibaba.nacos.shaded.io.grpc.internal.ClientCallImpl.access$300(ClientCallImpl.java:66)
	at com.alibaba.nacos.shaded.io.grpc.internal.ClientCallImpl$ClientStreamListenerImpl.close(ClientCallImpl.java:630)
	at com.alibaba.nacos.shaded.io.grpc.internal.ClientCallImpl$ClientStreamListenerImpl.access$700(ClientCallImpl.java:518)
	at com.alibaba.nacos.shaded.io.grpc.internal.ClientCallImpl$ClientStreamListenerImpl$1StreamClosed.runInternal(ClientCallImpl.java:692)
	at com.alibaba.nacos.shaded.io.grpc.internal.ClientCallImpl$ClientStreamListenerImpl$1StreamClosed.runInContext(ClientCallImpl.java:681)
	at com.alibaba.nacos.shaded.io.grpc.internal.ContextRunnable.run(ContextRunnable.java:37)
	at com.alibaba.nacos.shaded.io.grpc.internal.SerializingExecutor.run(SerializingExecutor.java:123)
	... 3 common frames omitted
Caused by: com.alibaba.nacos.shaded.io.grpc.netty.shaded.io.netty.channel.AbstractChannel$AnnotatedSocketException: Network is unreachable: /123.249.79.51:9848
Caused by: java.net.SocketException: Network is unreachable
	at sun.nio.ch.Net.connect0(Native Method)
	at sun.nio.ch.Net.connect(Net.java:459)
	at sun.nio.ch.Net.connect(Net.java:451)
	at sun.nio.ch.SocketChannelImpl.connect(SocketChannelImpl.java:646)
	at com.alibaba.nacos.shaded.io.grpc.netty.shaded.io.netty.util.internal.SocketUtils$3.run(SocketUtils.java:83)
	at com.alibaba.nacos.shaded.io.grpc.netty.shaded.io.netty.util.internal.SocketUtils$3.run(SocketUtils.java:80)
	at java.security.AccessController.doPrivileged(Native Method)
	at com.alibaba.nacos.shaded.io.grpc.netty.shaded.io.netty.util.internal.SocketUtils.connect(SocketUtils.java:80)
	at com.alibaba.nacos.shaded.io.grpc.netty.shaded.io.netty.channel.socket.nio.NioSocketChannel.doConnect(NioSocketChannel.java:312)
	at com.alibaba.nacos.shaded.io.grpc.netty.shaded.io.netty.channel.nio.AbstractNioChannel$AbstractNioUnsafe.connect(AbstractNioChannel.java:250)
	at com.alibaba.nacos.shaded.io.grpc.netty.shaded.io.netty.channel.DefaultChannelPipeline$HeadContext.connect(DefaultChannelPipeline.java:1353)
	at com.alibaba.nacos.shaded.io.grpc.netty.shaded.io.netty.channel.AbstractChannelHandlerContext.invokeConnect(AbstractChannelHandlerContext.java:547)
	at com.alibaba.nacos.shaded.io.grpc.netty.shaded.io.netty.channel.AbstractChannelHandlerContext.connect(AbstractChannelHandlerContext.java:532)
	at com.alibaba.nacos.shaded.io.grpc.netty.shaded.io.netty.channel.ChannelDuplexHandler.connect(ChannelDuplexHandler.java:54)
	at com.alibaba.nacos.shaded.io.grpc.netty.shaded.io.grpc.netty.WriteBufferingAndExceptionHandler.connect(WriteBufferingAndExceptionHandler.java:150)
	at com.alibaba.nacos.shaded.io.grpc.netty.shaded.io.netty.channel.AbstractChannelHandlerContext.invokeConnect(AbstractChannelHandlerContext.java:547)
	at com.alibaba.nacos.shaded.io.grpc.netty.shaded.io.netty.channel.AbstractChannelHandlerContext.access$1000(AbstractChannelHandlerContext.java:56)
	at com.alibaba.nacos.shaded.io.grpc.netty.shaded.io.netty.channel.AbstractChannelHandlerContext$9.run(AbstractChannelHandlerContext.java:537)
	at com.alibaba.nacos.shaded.io.grpc.netty.shaded.io.netty.util.concurrent.AbstractEventExecutor.safeExecute(AbstractEventExecutor.java:163)
	at com.alibaba.nacos.shaded.io.grpc.netty.shaded.io.netty.util.concurrent.SingleThreadEventExecutor.runAllTasks(SingleThreadEventExecutor.java:416)
	at com.alibaba.nacos.shaded.io.grpc.netty.shaded.io.netty.channel.nio.NioEventLoop.run(NioEventLoop.java:515)
	at com.alibaba.nacos.shaded.io.grpc.netty.shaded.io.netty.util.concurrent.SingleThreadEventExecutor$5.run(SingleThreadEventExecutor.java:918)
	at com.alibaba.nacos.shaded.io.grpc.netty.shaded.io.netty.util.internal.ThreadExecutorMap$2.run(ThreadExecutorMap.java:74)
	at com.alibaba.nacos.shaded.io.grpc.netty.shaded.io.netty.util.concurrent.FastThreadLocalRunnable.run(FastThreadLocalRunnable.java:30)
	at java.lang.Thread.run(Thread.java:750)
21:39:12.174 [32m[com.alibaba.nacos.client.remote.worker][0;39m ERROR [34mc.a.n.c.r.c.g.GrpcClient[0;39m - [printIfErrorEnabled,99] - Server check fail, please check server 123.249.79.51 ,port 9848 is available , error ={}
java.util.concurrent.ExecutionException: com.alibaba.nacos.shaded.io.grpc.StatusRuntimeException: UNAVAILABLE: io exception
	at com.alibaba.nacos.shaded.com.google.common.util.concurrent.AbstractFuture.getDoneValue(AbstractFuture.java:566)
	at com.alibaba.nacos.shaded.com.google.common.util.concurrent.AbstractFuture.get(AbstractFuture.java:445)
	at com.alibaba.nacos.common.remote.client.grpc.GrpcClient.serverCheck(GrpcClient.java:148)
	at com.alibaba.nacos.common.remote.client.grpc.GrpcClient.connectToServer(GrpcClient.java:264)
	at com.alibaba.nacos.common.remote.client.RpcClient.reconnect(RpcClient.java:522)
	at com.alibaba.nacos.common.remote.client.RpcClient.lambda$start$2(RpcClient.java:370)
	at java.util.concurrent.Executors$RunnableAdapter.call(Executors.java:511)
	at java.util.concurrent.FutureTask.run$$$capture(FutureTask.java:266)
	at java.util.concurrent.FutureTask.run(FutureTask.java)
	at java.util.concurrent.ScheduledThreadPoolExecutor$ScheduledFutureTask.access$201(ScheduledThreadPoolExecutor.java:180)
	at java.util.concurrent.ScheduledThreadPoolExecutor$ScheduledFutureTask.run(ScheduledThreadPoolExecutor.java:293)
	at java.util.concurrent.ThreadPoolExecutor.runWorker(ThreadPoolExecutor.java:1149)
	at java.util.concurrent.ThreadPoolExecutor$Worker.run(ThreadPoolExecutor.java:624)
	at java.lang.Thread.run(Thread.java:750)
Caused by: com.alibaba.nacos.shaded.io.grpc.StatusRuntimeException: UNAVAILABLE: io exception
	at com.alibaba.nacos.shaded.io.grpc.Status.asRuntimeException(Status.java:533)
	at com.alibaba.nacos.shaded.io.grpc.stub.ClientCalls$UnaryStreamToFuture.onClose(ClientCalls.java:490)
	at com.alibaba.nacos.shaded.io.grpc.PartialForwardingClientCallListener.onClose(PartialForwardingClientCallListener.java:39)
	at com.alibaba.nacos.shaded.io.grpc.ForwardingClientCallListener.onClose(ForwardingClientCallListener.java:23)
	at com.alibaba.nacos.shaded.io.grpc.ForwardingClientCallListener$SimpleForwardingClientCallListener.onClose(ForwardingClientCallListener.java:40)
	at com.alibaba.nacos.shaded.io.grpc.internal.CensusStatsModule$StatsClientInterceptor$1$1.onClose(CensusStatsModule.java:700)
	at com.alibaba.nacos.shaded.io.grpc.PartialForwardingClientCallListener.onClose(PartialForwardingClientCallListener.java:39)
	at com.alibaba.nacos.shaded.io.grpc.ForwardingClientCallListener.onClose(ForwardingClientCallListener.java:23)
	at com.alibaba.nacos.shaded.io.grpc.ForwardingClientCallListener$SimpleForwardingClientCallListener.onClose(ForwardingClientCallListener.java:40)
	at com.alibaba.nacos.shaded.io.grpc.internal.CensusTracingModule$TracingClientInterceptor$1$1.onClose(CensusTracingModule.java:399)
	at com.alibaba.nacos.shaded.io.grpc.internal.ClientCallImpl.closeObserver(ClientCallImpl.java:510)
	at com.alibaba.nacos.shaded.io.grpc.internal.ClientCallImpl.access$300(ClientCallImpl.java:66)
	at com.alibaba.nacos.shaded.io.grpc.internal.ClientCallImpl$ClientStreamListenerImpl.close(ClientCallImpl.java:630)
	at com.alibaba.nacos.shaded.io.grpc.internal.ClientCallImpl$ClientStreamListenerImpl.access$700(ClientCallImpl.java:518)
	at com.alibaba.nacos.shaded.io.grpc.internal.ClientCallImpl$ClientStreamListenerImpl$1StreamClosed.runInternal(ClientCallImpl.java:692)
	at com.alibaba.nacos.shaded.io.grpc.internal.ClientCallImpl$ClientStreamListenerImpl$1StreamClosed.runInContext(ClientCallImpl.java:681)
	at com.alibaba.nacos.shaded.io.grpc.internal.ContextRunnable.run(ContextRunnable.java:37)
	at com.alibaba.nacos.shaded.io.grpc.internal.SerializingExecutor.run(SerializingExecutor.java:123)
	... 3 common frames omitted
Caused by: com.alibaba.nacos.shaded.io.grpc.netty.shaded.io.netty.channel.AbstractChannel$AnnotatedSocketException: Network is unreachable: /123.249.79.51:9848
Caused by: java.net.SocketException: Network is unreachable
	at sun.nio.ch.Net.connect0(Native Method)
	at sun.nio.ch.Net.connect(Net.java:459)
	at sun.nio.ch.Net.connect(Net.java:451)
	at sun.nio.ch.SocketChannelImpl.connect(SocketChannelImpl.java:646)
	at com.alibaba.nacos.shaded.io.grpc.netty.shaded.io.netty.util.internal.SocketUtils$3.run(SocketUtils.java:83)
	at com.alibaba.nacos.shaded.io.grpc.netty.shaded.io.netty.util.internal.SocketUtils$3.run(SocketUtils.java:80)
	at java.security.AccessController.doPrivileged(Native Method)
	at com.alibaba.nacos.shaded.io.grpc.netty.shaded.io.netty.util.internal.SocketUtils.connect(SocketUtils.java:80)
	at com.alibaba.nacos.shaded.io.grpc.netty.shaded.io.netty.channel.socket.nio.NioSocketChannel.doConnect(NioSocketChannel.java:312)
	at com.alibaba.nacos.shaded.io.grpc.netty.shaded.io.netty.channel.nio.AbstractNioChannel$AbstractNioUnsafe.connect(AbstractNioChannel.java:250)
	at com.alibaba.nacos.shaded.io.grpc.netty.shaded.io.netty.channel.DefaultChannelPipeline$HeadContext.connect(DefaultChannelPipeline.java:1353)
	at com.alibaba.nacos.shaded.io.grpc.netty.shaded.io.netty.channel.AbstractChannelHandlerContext.invokeConnect(AbstractChannelHandlerContext.java:547)
	at com.alibaba.nacos.shaded.io.grpc.netty.shaded.io.netty.channel.AbstractChannelHandlerContext.connect(AbstractChannelHandlerContext.java:532)
	at com.alibaba.nacos.shaded.io.grpc.netty.shaded.io.netty.channel.ChannelDuplexHandler.connect(ChannelDuplexHandler.java:54)
	at com.alibaba.nacos.shaded.io.grpc.netty.shaded.io.grpc.netty.WriteBufferingAndExceptionHandler.connect(WriteBufferingAndExceptionHandler.java:150)
	at com.alibaba.nacos.shaded.io.grpc.netty.shaded.io.netty.channel.AbstractChannelHandlerContext.invokeConnect(AbstractChannelHandlerContext.java:547)
	at com.alibaba.nacos.shaded.io.grpc.netty.shaded.io.netty.channel.AbstractChannelHandlerContext.access$1000(AbstractChannelHandlerContext.java:56)
	at com.alibaba.nacos.shaded.io.grpc.netty.shaded.io.netty.channel.AbstractChannelHandlerContext$9.run(AbstractChannelHandlerContext.java:537)
	at com.alibaba.nacos.shaded.io.grpc.netty.shaded.io.netty.util.concurrent.AbstractEventExecutor.safeExecute(AbstractEventExecutor.java:163)
	at com.alibaba.nacos.shaded.io.grpc.netty.shaded.io.netty.util.concurrent.SingleThreadEventExecutor.runAllTasks(SingleThreadEventExecutor.java:416)
	at com.alibaba.nacos.shaded.io.grpc.netty.shaded.io.netty.channel.nio.NioEventLoop.run(NioEventLoop.java:515)
	at com.alibaba.nacos.shaded.io.grpc.netty.shaded.io.netty.util.concurrent.SingleThreadEventExecutor$5.run(SingleThreadEventExecutor.java:918)
	at com.alibaba.nacos.shaded.io.grpc.netty.shaded.io.netty.util.internal.ThreadExecutorMap$2.run(ThreadExecutorMap.java:74)
	at com.alibaba.nacos.shaded.io.grpc.netty.shaded.io.netty.util.concurrent.FastThreadLocalRunnable.run(FastThreadLocalRunnable.java:30)
	at java.lang.Thread.run(Thread.java:750)
21:39:12.173 [32m[com.alibaba.nacos.client.remote.worker][0;39m ERROR [34mc.a.n.c.r.c.g.GrpcClient[0;39m - [printIfErrorEnabled,99] - Server check fail, please check server 123.249.79.51 ,port 9848 is available , error ={}
java.util.concurrent.ExecutionException: com.alibaba.nacos.shaded.io.grpc.StatusRuntimeException: UNAVAILABLE: io exception
	at com.alibaba.nacos.shaded.com.google.common.util.concurrent.AbstractFuture.getDoneValue(AbstractFuture.java:566)
	at com.alibaba.nacos.shaded.com.google.common.util.concurrent.AbstractFuture.get(AbstractFuture.java:445)
	at com.alibaba.nacos.common.remote.client.grpc.GrpcClient.serverCheck(GrpcClient.java:148)
	at com.alibaba.nacos.common.remote.client.grpc.GrpcClient.connectToServer(GrpcClient.java:264)
	at com.alibaba.nacos.common.remote.client.RpcClient.reconnect(RpcClient.java:522)
	at com.alibaba.nacos.common.remote.client.RpcClient.lambda$start$2(RpcClient.java:370)
	at java.util.concurrent.Executors$RunnableAdapter.call(Executors.java:511)
	at java.util.concurrent.FutureTask.run$$$capture(FutureTask.java:266)
	at java.util.concurrent.FutureTask.run(FutureTask.java)
	at java.util.concurrent.ScheduledThreadPoolExecutor$ScheduledFutureTask.access$201(ScheduledThreadPoolExecutor.java:180)
	at java.util.concurrent.ScheduledThreadPoolExecutor$ScheduledFutureTask.run(ScheduledThreadPoolExecutor.java:293)
	at java.util.concurrent.ThreadPoolExecutor.runWorker(ThreadPoolExecutor.java:1149)
	at java.util.concurrent.ThreadPoolExecutor$Worker.run(ThreadPoolExecutor.java:624)
	at java.lang.Thread.run(Thread.java:750)
Caused by: com.alibaba.nacos.shaded.io.grpc.StatusRuntimeException: UNAVAILABLE: io exception
	at com.alibaba.nacos.shaded.io.grpc.Status.asRuntimeException(Status.java:533)
	at com.alibaba.nacos.shaded.io.grpc.stub.ClientCalls$UnaryStreamToFuture.onClose(ClientCalls.java:490)
	at com.alibaba.nacos.shaded.io.grpc.PartialForwardingClientCallListener.onClose(PartialForwardingClientCallListener.java:39)
	at com.alibaba.nacos.shaded.io.grpc.ForwardingClientCallListener.onClose(ForwardingClientCallListener.java:23)
	at com.alibaba.nacos.shaded.io.grpc.ForwardingClientCallListener$SimpleForwardingClientCallListener.onClose(ForwardingClientCallListener.java:40)
	at com.alibaba.nacos.shaded.io.grpc.internal.CensusStatsModule$StatsClientInterceptor$1$1.onClose(CensusStatsModule.java:700)
	at com.alibaba.nacos.shaded.io.grpc.PartialForwardingClientCallListener.onClose(PartialForwardingClientCallListener.java:39)
	at com.alibaba.nacos.shaded.io.grpc.ForwardingClientCallListener.onClose(ForwardingClientCallListener.java:23)
	at com.alibaba.nacos.shaded.io.grpc.ForwardingClientCallListener$SimpleForwardingClientCallListener.onClose(ForwardingClientCallListener.java:40)
	at com.alibaba.nacos.shaded.io.grpc.internal.CensusTracingModule$TracingClientInterceptor$1$1.onClose(CensusTracingModule.java:399)
	at com.alibaba.nacos.shaded.io.grpc.internal.ClientCallImpl.closeObserver(ClientCallImpl.java:510)
	at com.alibaba.nacos.shaded.io.grpc.internal.ClientCallImpl.access$300(ClientCallImpl.java:66)
	at com.alibaba.nacos.shaded.io.grpc.internal.ClientCallImpl$ClientStreamListenerImpl.close(ClientCallImpl.java:630)
	at com.alibaba.nacos.shaded.io.grpc.internal.ClientCallImpl$ClientStreamListenerImpl.access$700(ClientCallImpl.java:518)
	at com.alibaba.nacos.shaded.io.grpc.internal.ClientCallImpl$ClientStreamListenerImpl$1StreamClosed.runInternal(ClientCallImpl.java:692)
	at com.alibaba.nacos.shaded.io.grpc.internal.ClientCallImpl$ClientStreamListenerImpl$1StreamClosed.runInContext(ClientCallImpl.java:681)
	at com.alibaba.nacos.shaded.io.grpc.internal.ContextRunnable.run(ContextRunnable.java:37)
	at com.alibaba.nacos.shaded.io.grpc.internal.SerializingExecutor.run(SerializingExecutor.java:123)
	... 3 common frames omitted
Caused by: com.alibaba.nacos.shaded.io.grpc.netty.shaded.io.netty.channel.AbstractChannel$AnnotatedSocketException: Network is unreachable: /123.249.79.51:9848
Caused by: java.net.SocketException: Network is unreachable
	at sun.nio.ch.Net.connect0(Native Method)
	at sun.nio.ch.Net.connect(Net.java:459)
	at sun.nio.ch.Net.connect(Net.java:451)
	at sun.nio.ch.SocketChannelImpl.connect(SocketChannelImpl.java:646)
	at com.alibaba.nacos.shaded.io.grpc.netty.shaded.io.netty.util.internal.SocketUtils$3.run(SocketUtils.java:83)
	at com.alibaba.nacos.shaded.io.grpc.netty.shaded.io.netty.util.internal.SocketUtils$3.run(SocketUtils.java:80)
	at java.security.AccessController.doPrivileged(Native Method)
	at com.alibaba.nacos.shaded.io.grpc.netty.shaded.io.netty.util.internal.SocketUtils.connect(SocketUtils.java:80)
	at com.alibaba.nacos.shaded.io.grpc.netty.shaded.io.netty.channel.socket.nio.NioSocketChannel.doConnect(NioSocketChannel.java:312)
	at com.alibaba.nacos.shaded.io.grpc.netty.shaded.io.netty.channel.nio.AbstractNioChannel$AbstractNioUnsafe.connect(AbstractNioChannel.java:250)
	at com.alibaba.nacos.shaded.io.grpc.netty.shaded.io.netty.channel.DefaultChannelPipeline$HeadContext.connect(DefaultChannelPipeline.java:1353)
	at com.alibaba.nacos.shaded.io.grpc.netty.shaded.io.netty.channel.AbstractChannelHandlerContext.invokeConnect(AbstractChannelHandlerContext.java:547)
	at com.alibaba.nacos.shaded.io.grpc.netty.shaded.io.netty.channel.AbstractChannelHandlerContext.connect(AbstractChannelHandlerContext.java:532)
	at com.alibaba.nacos.shaded.io.grpc.netty.shaded.io.netty.channel.ChannelDuplexHandler.connect(ChannelDuplexHandler.java:54)
	at com.alibaba.nacos.shaded.io.grpc.netty.shaded.io.grpc.netty.WriteBufferingAndExceptionHandler.connect(WriteBufferingAndExceptionHandler.java:150)
	at com.alibaba.nacos.shaded.io.grpc.netty.shaded.io.netty.channel.AbstractChannelHandlerContext.invokeConnect(AbstractChannelHandlerContext.java:547)
	at com.alibaba.nacos.shaded.io.grpc.netty.shaded.io.netty.channel.AbstractChannelHandlerContext.access$1000(AbstractChannelHandlerContext.java:56)
	at com.alibaba.nacos.shaded.io.grpc.netty.shaded.io.netty.channel.AbstractChannelHandlerContext$9.run(AbstractChannelHandlerContext.java:537)
	at com.alibaba.nacos.shaded.io.grpc.netty.shaded.io.netty.util.concurrent.AbstractEventExecutor.safeExecute(AbstractEventExecutor.java:163)
	at com.alibaba.nacos.shaded.io.grpc.netty.shaded.io.netty.util.concurrent.SingleThreadEventExecutor.runAllTasks(SingleThreadEventExecutor.java:416)
	at com.alibaba.nacos.shaded.io.grpc.netty.shaded.io.netty.channel.nio.NioEventLoop.run(NioEventLoop.java:515)
	at com.alibaba.nacos.shaded.io.grpc.netty.shaded.io.netty.util.concurrent.SingleThreadEventExecutor$5.run(SingleThreadEventExecutor.java:918)
	at com.alibaba.nacos.shaded.io.grpc.netty.shaded.io.netty.util.internal.ThreadExecutorMap$2.run(ThreadExecutorMap.java:74)
	at com.alibaba.nacos.shaded.io.grpc.netty.shaded.io.netty.util.concurrent.FastThreadLocalRunnable.run(FastThreadLocalRunnable.java:30)
	at java.lang.Thread.run(Thread.java:750)
21:39:12.910 [32m[com.alibaba.nacos.client.remote.worker][0;39m ERROR [34mc.a.n.c.r.c.g.GrpcClient[0;39m - [printIfErrorEnabled,99] - Server check fail, please check server 123.249.79.51 ,port 9848 is available , error ={}
java.util.concurrent.ExecutionException: com.alibaba.nacos.shaded.io.grpc.StatusRuntimeException: UNAVAILABLE: io exception
	at com.alibaba.nacos.shaded.com.google.common.util.concurrent.AbstractFuture.getDoneValue(AbstractFuture.java:566)
	at com.alibaba.nacos.shaded.com.google.common.util.concurrent.AbstractFuture.get(AbstractFuture.java:445)
	at com.alibaba.nacos.common.remote.client.grpc.GrpcClient.serverCheck(GrpcClient.java:148)
	at com.alibaba.nacos.common.remote.client.grpc.GrpcClient.connectToServer(GrpcClient.java:264)
	at com.alibaba.nacos.common.remote.client.RpcClient.reconnect(RpcClient.java:522)
	at com.alibaba.nacos.common.remote.client.RpcClient.lambda$start$2(RpcClient.java:370)
	at java.util.concurrent.Executors$RunnableAdapter.call(Executors.java:511)
	at java.util.concurrent.FutureTask.run$$$capture(FutureTask.java:266)
	at java.util.concurrent.FutureTask.run(FutureTask.java)
	at java.util.concurrent.ScheduledThreadPoolExecutor$ScheduledFutureTask.access$201(ScheduledThreadPoolExecutor.java:180)
	at java.util.concurrent.ScheduledThreadPoolExecutor$ScheduledFutureTask.run(ScheduledThreadPoolExecutor.java:293)
	at java.util.concurrent.ThreadPoolExecutor.runWorker(ThreadPoolExecutor.java:1149)
	at java.util.concurrent.ThreadPoolExecutor$Worker.run(ThreadPoolExecutor.java:624)
	at java.lang.Thread.run(Thread.java:750)
Caused by: com.alibaba.nacos.shaded.io.grpc.StatusRuntimeException: UNAVAILABLE: io exception
	at com.alibaba.nacos.shaded.io.grpc.Status.asRuntimeException(Status.java:533)
	at com.alibaba.nacos.shaded.io.grpc.stub.ClientCalls$UnaryStreamToFuture.onClose(ClientCalls.java:490)
	at com.alibaba.nacos.shaded.io.grpc.PartialForwardingClientCallListener.onClose(PartialForwardingClientCallListener.java:39)
	at com.alibaba.nacos.shaded.io.grpc.ForwardingClientCallListener.onClose(ForwardingClientCallListener.java:23)
	at com.alibaba.nacos.shaded.io.grpc.ForwardingClientCallListener$SimpleForwardingClientCallListener.onClose(ForwardingClientCallListener.java:40)
	at com.alibaba.nacos.shaded.io.grpc.internal.CensusStatsModule$StatsClientInterceptor$1$1.onClose(CensusStatsModule.java:700)
	at com.alibaba.nacos.shaded.io.grpc.PartialForwardingClientCallListener.onClose(PartialForwardingClientCallListener.java:39)
	at com.alibaba.nacos.shaded.io.grpc.ForwardingClientCallListener.onClose(ForwardingClientCallListener.java:23)
	at com.alibaba.nacos.shaded.io.grpc.ForwardingClientCallListener$SimpleForwardingClientCallListener.onClose(ForwardingClientCallListener.java:40)
	at com.alibaba.nacos.shaded.io.grpc.internal.CensusTracingModule$TracingClientInterceptor$1$1.onClose(CensusTracingModule.java:399)
	at com.alibaba.nacos.shaded.io.grpc.internal.ClientCallImpl.closeObserver(ClientCallImpl.java:510)
	at com.alibaba.nacos.shaded.io.grpc.internal.ClientCallImpl.access$300(ClientCallImpl.java:66)
	at com.alibaba.nacos.shaded.io.grpc.internal.ClientCallImpl$ClientStreamListenerImpl.close(ClientCallImpl.java:630)
	at com.alibaba.nacos.shaded.io.grpc.internal.ClientCallImpl$ClientStreamListenerImpl.access$700(ClientCallImpl.java:518)
	at com.alibaba.nacos.shaded.io.grpc.internal.ClientCallImpl$ClientStreamListenerImpl$1StreamClosed.runInternal(ClientCallImpl.java:692)
	at com.alibaba.nacos.shaded.io.grpc.internal.ClientCallImpl$ClientStreamListenerImpl$1StreamClosed.runInContext(ClientCallImpl.java:681)
	at com.alibaba.nacos.shaded.io.grpc.internal.ContextRunnable.run(ContextRunnable.java:37)
	at com.alibaba.nacos.shaded.io.grpc.internal.SerializingExecutor.run(SerializingExecutor.java:123)
	... 3 common frames omitted
Caused by: com.alibaba.nacos.shaded.io.grpc.netty.shaded.io.netty.channel.AbstractChannel$AnnotatedSocketException: Network is unreachable: /123.249.79.51:9848
Caused by: java.net.SocketException: Network is unreachable
	at sun.nio.ch.Net.connect0(Native Method)
	at sun.nio.ch.Net.connect(Net.java:459)
	at sun.nio.ch.Net.connect(Net.java:451)
	at sun.nio.ch.SocketChannelImpl.connect(SocketChannelImpl.java:646)
	at com.alibaba.nacos.shaded.io.grpc.netty.shaded.io.netty.util.internal.SocketUtils$3.run(SocketUtils.java:83)
	at com.alibaba.nacos.shaded.io.grpc.netty.shaded.io.netty.util.internal.SocketUtils$3.run(SocketUtils.java:80)
	at java.security.AccessController.doPrivileged(Native Method)
	at com.alibaba.nacos.shaded.io.grpc.netty.shaded.io.netty.util.internal.SocketUtils.connect(SocketUtils.java:80)
	at com.alibaba.nacos.shaded.io.grpc.netty.shaded.io.netty.channel.socket.nio.NioSocketChannel.doConnect(NioSocketChannel.java:312)
	at com.alibaba.nacos.shaded.io.grpc.netty.shaded.io.netty.channel.nio.AbstractNioChannel$AbstractNioUnsafe.connect(AbstractNioChannel.java:250)
	at com.alibaba.nacos.shaded.io.grpc.netty.shaded.io.netty.channel.DefaultChannelPipeline$HeadContext.connect(DefaultChannelPipeline.java:1353)
	at com.alibaba.nacos.shaded.io.grpc.netty.shaded.io.netty.channel.AbstractChannelHandlerContext.invokeConnect(AbstractChannelHandlerContext.java:547)
	at com.alibaba.nacos.shaded.io.grpc.netty.shaded.io.netty.channel.AbstractChannelHandlerContext.connect(AbstractChannelHandlerContext.java:532)
	at com.alibaba.nacos.shaded.io.grpc.netty.shaded.io.netty.channel.ChannelDuplexHandler.connect(ChannelDuplexHandler.java:54)
	at com.alibaba.nacos.shaded.io.grpc.netty.shaded.io.grpc.netty.WriteBufferingAndExceptionHandler.connect(WriteBufferingAndExceptionHandler.java:150)
	at com.alibaba.nacos.shaded.io.grpc.netty.shaded.io.netty.channel.AbstractChannelHandlerContext.invokeConnect(AbstractChannelHandlerContext.java:547)
	at com.alibaba.nacos.shaded.io.grpc.netty.shaded.io.netty.channel.AbstractChannelHandlerContext.access$1000(AbstractChannelHandlerContext.java:56)
	at com.alibaba.nacos.shaded.io.grpc.netty.shaded.io.netty.channel.AbstractChannelHandlerContext$9.run(AbstractChannelHandlerContext.java:537)
	at com.alibaba.nacos.shaded.io.grpc.netty.shaded.io.netty.util.concurrent.AbstractEventExecutor.safeExecute(AbstractEventExecutor.java:163)
	at com.alibaba.nacos.shaded.io.grpc.netty.shaded.io.netty.util.concurrent.SingleThreadEventExecutor.runAllTasks(SingleThreadEventExecutor.java:416)
	at com.alibaba.nacos.shaded.io.grpc.netty.shaded.io.netty.channel.nio.NioEventLoop.run(NioEventLoop.java:515)
	at com.alibaba.nacos.shaded.io.grpc.netty.shaded.io.netty.util.concurrent.SingleThreadEventExecutor$5.run(SingleThreadEventExecutor.java:918)
	at com.alibaba.nacos.shaded.io.grpc.netty.shaded.io.netty.util.internal.ThreadExecutorMap$2.run(ThreadExecutorMap.java:74)
	at com.alibaba.nacos.shaded.io.grpc.netty.shaded.io.netty.util.concurrent.FastThreadLocalRunnable.run(FastThreadLocalRunnable.java:30)
	at java.lang.Thread.run(Thread.java:750)
21:39:13.103 [32m[com.alibaba.nacos.client.remote.worker][0;39m ERROR [34mc.a.n.c.r.c.g.GrpcClient[0;39m - [printIfErrorEnabled,99] - Server check fail, please check server 123.249.79.51 ,port 9848 is available , error ={}
java.util.concurrent.ExecutionException: com.alibaba.nacos.shaded.io.grpc.StatusRuntimeException: UNAVAILABLE: io exception
	at com.alibaba.nacos.shaded.com.google.common.util.concurrent.AbstractFuture.getDoneValue(AbstractFuture.java:566)
	at com.alibaba.nacos.shaded.com.google.common.util.concurrent.AbstractFuture.get(AbstractFuture.java:445)
	at com.alibaba.nacos.common.remote.client.grpc.GrpcClient.serverCheck(GrpcClient.java:148)
	at com.alibaba.nacos.common.remote.client.grpc.GrpcClient.connectToServer(GrpcClient.java:264)
	at com.alibaba.nacos.common.remote.client.RpcClient.reconnect(RpcClient.java:522)
	at com.alibaba.nacos.common.remote.client.RpcClient.lambda$start$2(RpcClient.java:370)
	at java.util.concurrent.Executors$RunnableAdapter.call(Executors.java:511)
	at java.util.concurrent.FutureTask.run$$$capture(FutureTask.java:266)
	at java.util.concurrent.FutureTask.run(FutureTask.java)
	at java.util.concurrent.ScheduledThreadPoolExecutor$ScheduledFutureTask.access$201(ScheduledThreadPoolExecutor.java:180)
	at java.util.concurrent.ScheduledThreadPoolExecutor$ScheduledFutureTask.run(ScheduledThreadPoolExecutor.java:293)
	at java.util.concurrent.ThreadPoolExecutor.runWorker(ThreadPoolExecutor.java:1149)
	at java.util.concurrent.ThreadPoolExecutor$Worker.run(ThreadPoolExecutor.java:624)
	at java.lang.Thread.run(Thread.java:750)
Caused by: com.alibaba.nacos.shaded.io.grpc.StatusRuntimeException: UNAVAILABLE: io exception
	at com.alibaba.nacos.shaded.io.grpc.Status.asRuntimeException(Status.java:533)
	at com.alibaba.nacos.shaded.io.grpc.stub.ClientCalls$UnaryStreamToFuture.onClose(ClientCalls.java:490)
	at com.alibaba.nacos.shaded.io.grpc.PartialForwardingClientCallListener.onClose(PartialForwardingClientCallListener.java:39)
	at com.alibaba.nacos.shaded.io.grpc.ForwardingClientCallListener.onClose(ForwardingClientCallListener.java:23)
	at com.alibaba.nacos.shaded.io.grpc.ForwardingClientCallListener$SimpleForwardingClientCallListener.onClose(ForwardingClientCallListener.java:40)
	at com.alibaba.nacos.shaded.io.grpc.internal.CensusStatsModule$StatsClientInterceptor$1$1.onClose(CensusStatsModule.java:700)
	at com.alibaba.nacos.shaded.io.grpc.PartialForwardingClientCallListener.onClose(PartialForwardingClientCallListener.java:39)
	at com.alibaba.nacos.shaded.io.grpc.ForwardingClientCallListener.onClose(ForwardingClientCallListener.java:23)
	at com.alibaba.nacos.shaded.io.grpc.ForwardingClientCallListener$SimpleForwardingClientCallListener.onClose(ForwardingClientCallListener.java:40)
	at com.alibaba.nacos.shaded.io.grpc.internal.CensusTracingModule$TracingClientInterceptor$1$1.onClose(CensusTracingModule.java:399)
	at com.alibaba.nacos.shaded.io.grpc.internal.ClientCallImpl.closeObserver(ClientCallImpl.java:510)
	at com.alibaba.nacos.shaded.io.grpc.internal.ClientCallImpl.access$300(ClientCallImpl.java:66)
	at com.alibaba.nacos.shaded.io.grpc.internal.ClientCallImpl$ClientStreamListenerImpl.close(ClientCallImpl.java:630)
	at com.alibaba.nacos.shaded.io.grpc.internal.ClientCallImpl$ClientStreamListenerImpl.access$700(ClientCallImpl.java:518)
	at com.alibaba.nacos.shaded.io.grpc.internal.ClientCallImpl$ClientStreamListenerImpl$1StreamClosed.runInternal(ClientCallImpl.java:692)
	at com.alibaba.nacos.shaded.io.grpc.internal.ClientCallImpl$ClientStreamListenerImpl$1StreamClosed.runInContext(ClientCallImpl.java:681)
	at com.alibaba.nacos.shaded.io.grpc.internal.ContextRunnable.run(ContextRunnable.java:37)
	at com.alibaba.nacos.shaded.io.grpc.internal.SerializingExecutor.run(SerializingExecutor.java:123)
	... 3 common frames omitted
Caused by: com.alibaba.nacos.shaded.io.grpc.netty.shaded.io.netty.channel.AbstractChannel$AnnotatedSocketException: Network is unreachable: /123.249.79.51:9848
Caused by: java.net.SocketException: Network is unreachable
	at sun.nio.ch.Net.connect0(Native Method)
	at sun.nio.ch.Net.connect(Net.java:459)
	at sun.nio.ch.Net.connect(Net.java:451)
	at sun.nio.ch.SocketChannelImpl.connect(SocketChannelImpl.java:646)
	at com.alibaba.nacos.shaded.io.grpc.netty.shaded.io.netty.util.internal.SocketUtils$3.run(SocketUtils.java:83)
	at com.alibaba.nacos.shaded.io.grpc.netty.shaded.io.netty.util.internal.SocketUtils$3.run(SocketUtils.java:80)
	at java.security.AccessController.doPrivileged(Native Method)
	at com.alibaba.nacos.shaded.io.grpc.netty.shaded.io.netty.util.internal.SocketUtils.connect(SocketUtils.java:80)
	at com.alibaba.nacos.shaded.io.grpc.netty.shaded.io.netty.channel.socket.nio.NioSocketChannel.doConnect(NioSocketChannel.java:312)
	at com.alibaba.nacos.shaded.io.grpc.netty.shaded.io.netty.channel.nio.AbstractNioChannel$AbstractNioUnsafe.connect(AbstractNioChannel.java:250)
	at com.alibaba.nacos.shaded.io.grpc.netty.shaded.io.netty.channel.DefaultChannelPipeline$HeadContext.connect(DefaultChannelPipeline.java:1353)
	at com.alibaba.nacos.shaded.io.grpc.netty.shaded.io.netty.channel.AbstractChannelHandlerContext.invokeConnect(AbstractChannelHandlerContext.java:547)
	at com.alibaba.nacos.shaded.io.grpc.netty.shaded.io.netty.channel.AbstractChannelHandlerContext.connect(AbstractChannelHandlerContext.java:532)
	at com.alibaba.nacos.shaded.io.grpc.netty.shaded.io.netty.channel.ChannelDuplexHandler.connect(ChannelDuplexHandler.java:54)
	at com.alibaba.nacos.shaded.io.grpc.netty.shaded.io.grpc.netty.WriteBufferingAndExceptionHandler.connect(WriteBufferingAndExceptionHandler.java:150)
	at com.alibaba.nacos.shaded.io.grpc.netty.shaded.io.netty.channel.AbstractChannelHandlerContext.invokeConnect(AbstractChannelHandlerContext.java:547)
	at com.alibaba.nacos.shaded.io.grpc.netty.shaded.io.netty.channel.AbstractChannelHandlerContext.access$1000(AbstractChannelHandlerContext.java:56)
	at com.alibaba.nacos.shaded.io.grpc.netty.shaded.io.netty.channel.AbstractChannelHandlerContext$9.run(AbstractChannelHandlerContext.java:537)
	at com.alibaba.nacos.shaded.io.grpc.netty.shaded.io.netty.util.concurrent.AbstractEventExecutor.safeExecute(AbstractEventExecutor.java:163)
	at com.alibaba.nacos.shaded.io.grpc.netty.shaded.io.netty.util.concurrent.SingleThreadEventExecutor.runAllTasks(SingleThreadEventExecutor.java:416)
	at com.alibaba.nacos.shaded.io.grpc.netty.shaded.io.netty.channel.nio.NioEventLoop.run(NioEventLoop.java:515)
	at com.alibaba.nacos.shaded.io.grpc.netty.shaded.io.netty.util.concurrent.SingleThreadEventExecutor$5.run(SingleThreadEventExecutor.java:918)
	at com.alibaba.nacos.shaded.io.grpc.netty.shaded.io.netty.util.internal.ThreadExecutorMap$2.run(ThreadExecutorMap.java:74)
	at com.alibaba.nacos.shaded.io.grpc.netty.shaded.io.netty.util.concurrent.FastThreadLocalRunnable.run(FastThreadLocalRunnable.java:30)
	at java.lang.Thread.run(Thread.java:750)
21:39:13.745 [32m[com.alibaba.nacos.client.remote.worker][0;39m ERROR [34mc.a.n.c.r.c.g.GrpcClient[0;39m - [printIfErrorEnabled,99] - Server check fail, please check server 123.249.79.51 ,port 9848 is available , error ={}
java.util.concurrent.ExecutionException: com.alibaba.nacos.shaded.io.grpc.StatusRuntimeException: UNAVAILABLE: io exception
	at com.alibaba.nacos.shaded.com.google.common.util.concurrent.AbstractFuture.getDoneValue(AbstractFuture.java:566)
	at com.alibaba.nacos.shaded.com.google.common.util.concurrent.AbstractFuture.get(AbstractFuture.java:445)
	at com.alibaba.nacos.common.remote.client.grpc.GrpcClient.serverCheck(GrpcClient.java:148)
	at com.alibaba.nacos.common.remote.client.grpc.GrpcClient.connectToServer(GrpcClient.java:264)
	at com.alibaba.nacos.common.remote.client.RpcClient.reconnect(RpcClient.java:522)
	at com.alibaba.nacos.common.remote.client.RpcClient.lambda$start$2(RpcClient.java:370)
	at java.util.concurrent.Executors$RunnableAdapter.call(Executors.java:511)
	at java.util.concurrent.FutureTask.run$$$capture(FutureTask.java:266)
	at java.util.concurrent.FutureTask.run(FutureTask.java)
	at java.util.concurrent.ScheduledThreadPoolExecutor$ScheduledFutureTask.access$201(ScheduledThreadPoolExecutor.java:180)
	at java.util.concurrent.ScheduledThreadPoolExecutor$ScheduledFutureTask.run(ScheduledThreadPoolExecutor.java:293)
	at java.util.concurrent.ThreadPoolExecutor.runWorker(ThreadPoolExecutor.java:1149)
	at java.util.concurrent.ThreadPoolExecutor$Worker.run(ThreadPoolExecutor.java:624)
	at java.lang.Thread.run(Thread.java:750)
Caused by: com.alibaba.nacos.shaded.io.grpc.StatusRuntimeException: UNAVAILABLE: io exception
	at com.alibaba.nacos.shaded.io.grpc.Status.asRuntimeException(Status.java:533)
	at com.alibaba.nacos.shaded.io.grpc.stub.ClientCalls$UnaryStreamToFuture.onClose(ClientCalls.java:490)
	at com.alibaba.nacos.shaded.io.grpc.PartialForwardingClientCallListener.onClose(PartialForwardingClientCallListener.java:39)
	at com.alibaba.nacos.shaded.io.grpc.ForwardingClientCallListener.onClose(ForwardingClientCallListener.java:23)
	at com.alibaba.nacos.shaded.io.grpc.ForwardingClientCallListener$SimpleForwardingClientCallListener.onClose(ForwardingClientCallListener.java:40)
	at com.alibaba.nacos.shaded.io.grpc.internal.CensusStatsModule$StatsClientInterceptor$1$1.onClose(CensusStatsModule.java:700)
	at com.alibaba.nacos.shaded.io.grpc.PartialForwardingClientCallListener.onClose(PartialForwardingClientCallListener.java:39)
	at com.alibaba.nacos.shaded.io.grpc.ForwardingClientCallListener.onClose(ForwardingClientCallListener.java:23)
	at com.alibaba.nacos.shaded.io.grpc.ForwardingClientCallListener$SimpleForwardingClientCallListener.onClose(ForwardingClientCallListener.java:40)
	at com.alibaba.nacos.shaded.io.grpc.internal.CensusTracingModule$TracingClientInterceptor$1$1.onClose(CensusTracingModule.java:399)
	at com.alibaba.nacos.shaded.io.grpc.internal.ClientCallImpl.closeObserver(ClientCallImpl.java:510)
	at com.alibaba.nacos.shaded.io.grpc.internal.ClientCallImpl.access$300(ClientCallImpl.java:66)
	at com.alibaba.nacos.shaded.io.grpc.internal.ClientCallImpl$ClientStreamListenerImpl.close(ClientCallImpl.java:630)
	at com.alibaba.nacos.shaded.io.grpc.internal.ClientCallImpl$ClientStreamListenerImpl.access$700(ClientCallImpl.java:518)
	at com.alibaba.nacos.shaded.io.grpc.internal.ClientCallImpl$ClientStreamListenerImpl$1StreamClosed.runInternal(ClientCallImpl.java:692)
	at com.alibaba.nacos.shaded.io.grpc.internal.ClientCallImpl$ClientStreamListenerImpl$1StreamClosed.runInContext(ClientCallImpl.java:681)
	at com.alibaba.nacos.shaded.io.grpc.internal.ContextRunnable.run(ContextRunnable.java:37)
	at com.alibaba.nacos.shaded.io.grpc.internal.SerializingExecutor.run(SerializingExecutor.java:123)
	... 3 common frames omitted
Caused by: com.alibaba.nacos.shaded.io.grpc.netty.shaded.io.netty.channel.AbstractChannel$AnnotatedSocketException: Network is unreachable: /123.249.79.51:9848
Caused by: java.net.SocketException: Network is unreachable
	at sun.nio.ch.Net.connect0(Native Method)
	at sun.nio.ch.Net.connect(Net.java:459)
	at sun.nio.ch.Net.connect(Net.java:451)
	at sun.nio.ch.SocketChannelImpl.connect(SocketChannelImpl.java:646)
	at com.alibaba.nacos.shaded.io.grpc.netty.shaded.io.netty.util.internal.SocketUtils$3.run(SocketUtils.java:83)
	at com.alibaba.nacos.shaded.io.grpc.netty.shaded.io.netty.util.internal.SocketUtils$3.run(SocketUtils.java:80)
	at java.security.AccessController.doPrivileged(Native Method)
	at com.alibaba.nacos.shaded.io.grpc.netty.shaded.io.netty.util.internal.SocketUtils.connect(SocketUtils.java:80)
	at com.alibaba.nacos.shaded.io.grpc.netty.shaded.io.netty.channel.socket.nio.NioSocketChannel.doConnect(NioSocketChannel.java:312)
	at com.alibaba.nacos.shaded.io.grpc.netty.shaded.io.netty.channel.nio.AbstractNioChannel$AbstractNioUnsafe.connect(AbstractNioChannel.java:250)
	at com.alibaba.nacos.shaded.io.grpc.netty.shaded.io.netty.channel.DefaultChannelPipeline$HeadContext.connect(DefaultChannelPipeline.java:1353)
	at com.alibaba.nacos.shaded.io.grpc.netty.shaded.io.netty.channel.AbstractChannelHandlerContext.invokeConnect(AbstractChannelHandlerContext.java:547)
	at com.alibaba.nacos.shaded.io.grpc.netty.shaded.io.netty.channel.AbstractChannelHandlerContext.connect(AbstractChannelHandlerContext.java:532)
	at com.alibaba.nacos.shaded.io.grpc.netty.shaded.io.netty.channel.ChannelDuplexHandler.connect(ChannelDuplexHandler.java:54)
	at com.alibaba.nacos.shaded.io.grpc.netty.shaded.io.grpc.netty.WriteBufferingAndExceptionHandler.connect(WriteBufferingAndExceptionHandler.java:150)
	at com.alibaba.nacos.shaded.io.grpc.netty.shaded.io.netty.channel.AbstractChannelHandlerContext.invokeConnect(AbstractChannelHandlerContext.java:547)
	at com.alibaba.nacos.shaded.io.grpc.netty.shaded.io.netty.channel.AbstractChannelHandlerContext.access$1000(AbstractChannelHandlerContext.java:56)
	at com.alibaba.nacos.shaded.io.grpc.netty.shaded.io.netty.channel.AbstractChannelHandlerContext$9.run(AbstractChannelHandlerContext.java:537)
	at com.alibaba.nacos.shaded.io.grpc.netty.shaded.io.netty.util.concurrent.AbstractEventExecutor.safeExecute(AbstractEventExecutor.java:163)
	at com.alibaba.nacos.shaded.io.grpc.netty.shaded.io.netty.util.concurrent.SingleThreadEventExecutor.runAllTasks(SingleThreadEventExecutor.java:416)
	at com.alibaba.nacos.shaded.io.grpc.netty.shaded.io.netty.channel.nio.NioEventLoop.run(NioEventLoop.java:515)
	at com.alibaba.nacos.shaded.io.grpc.netty.shaded.io.netty.util.concurrent.SingleThreadEventExecutor$5.run(SingleThreadEventExecutor.java:918)
	at com.alibaba.nacos.shaded.io.grpc.netty.shaded.io.netty.util.internal.ThreadExecutorMap$2.run(ThreadExecutorMap.java:74)
	at com.alibaba.nacos.shaded.io.grpc.netty.shaded.io.netty.util.concurrent.FastThreadLocalRunnable.run(FastThreadLocalRunnable.java:30)
	at java.lang.Thread.run(Thread.java:750)
21:39:14.130 [32m[com.alibaba.nacos.client.remote.worker][0;39m ERROR [34mc.a.n.c.r.c.g.GrpcClient[0;39m - [printIfErrorEnabled,99] - Server check fail, please check server 123.249.79.51 ,port 9848 is available , error ={}
java.util.concurrent.ExecutionException: com.alibaba.nacos.shaded.io.grpc.StatusRuntimeException: UNAVAILABLE: io exception
	at com.alibaba.nacos.shaded.com.google.common.util.concurrent.AbstractFuture.getDoneValue(AbstractFuture.java:566)
	at com.alibaba.nacos.shaded.com.google.common.util.concurrent.AbstractFuture.get(AbstractFuture.java:445)
	at com.alibaba.nacos.common.remote.client.grpc.GrpcClient.serverCheck(GrpcClient.java:148)
	at com.alibaba.nacos.common.remote.client.grpc.GrpcClient.connectToServer(GrpcClient.java:264)
	at com.alibaba.nacos.common.remote.client.RpcClient.reconnect(RpcClient.java:522)
	at com.alibaba.nacos.common.remote.client.RpcClient.lambda$start$2(RpcClient.java:370)
	at java.util.concurrent.Executors$RunnableAdapter.call(Executors.java:511)
	at java.util.concurrent.FutureTask.run$$$capture(FutureTask.java:266)
	at java.util.concurrent.FutureTask.run(FutureTask.java)
	at java.util.concurrent.ScheduledThreadPoolExecutor$ScheduledFutureTask.access$201(ScheduledThreadPoolExecutor.java:180)
	at java.util.concurrent.ScheduledThreadPoolExecutor$ScheduledFutureTask.run(ScheduledThreadPoolExecutor.java:293)
	at java.util.concurrent.ThreadPoolExecutor.runWorker(ThreadPoolExecutor.java:1149)
	at java.util.concurrent.ThreadPoolExecutor$Worker.run(ThreadPoolExecutor.java:624)
	at java.lang.Thread.run(Thread.java:750)
Caused by: com.alibaba.nacos.shaded.io.grpc.StatusRuntimeException: UNAVAILABLE: io exception
	at com.alibaba.nacos.shaded.io.grpc.Status.asRuntimeException(Status.java:533)
	at com.alibaba.nacos.shaded.io.grpc.stub.ClientCalls$UnaryStreamToFuture.onClose(ClientCalls.java:490)
	at com.alibaba.nacos.shaded.io.grpc.PartialForwardingClientCallListener.onClose(PartialForwardingClientCallListener.java:39)
	at com.alibaba.nacos.shaded.io.grpc.ForwardingClientCallListener.onClose(ForwardingClientCallListener.java:23)
	at com.alibaba.nacos.shaded.io.grpc.ForwardingClientCallListener$SimpleForwardingClientCallListener.onClose(ForwardingClientCallListener.java:40)
	at com.alibaba.nacos.shaded.io.grpc.internal.CensusStatsModule$StatsClientInterceptor$1$1.onClose(CensusStatsModule.java:700)
	at com.alibaba.nacos.shaded.io.grpc.PartialForwardingClientCallListener.onClose(PartialForwardingClientCallListener.java:39)
	at com.alibaba.nacos.shaded.io.grpc.ForwardingClientCallListener.onClose(ForwardingClientCallListener.java:23)
	at com.alibaba.nacos.shaded.io.grpc.ForwardingClientCallListener$SimpleForwardingClientCallListener.onClose(ForwardingClientCallListener.java:40)
	at com.alibaba.nacos.shaded.io.grpc.internal.CensusTracingModule$TracingClientInterceptor$1$1.onClose(CensusTracingModule.java:399)
	at com.alibaba.nacos.shaded.io.grpc.internal.ClientCallImpl.closeObserver(ClientCallImpl.java:510)
	at com.alibaba.nacos.shaded.io.grpc.internal.ClientCallImpl.access$300(ClientCallImpl.java:66)
	at com.alibaba.nacos.shaded.io.grpc.internal.ClientCallImpl$ClientStreamListenerImpl.close(ClientCallImpl.java:630)
	at com.alibaba.nacos.shaded.io.grpc.internal.ClientCallImpl$ClientStreamListenerImpl.access$700(ClientCallImpl.java:518)
	at com.alibaba.nacos.shaded.io.grpc.internal.ClientCallImpl$ClientStreamListenerImpl$1StreamClosed.runInternal(ClientCallImpl.java:692)
	at com.alibaba.nacos.shaded.io.grpc.internal.ClientCallImpl$ClientStreamListenerImpl$1StreamClosed.runInContext(ClientCallImpl.java:681)
	at com.alibaba.nacos.shaded.io.grpc.internal.ContextRunnable.run(ContextRunnable.java:37)
	at com.alibaba.nacos.shaded.io.grpc.internal.SerializingExecutor.run(SerializingExecutor.java:123)
	... 3 common frames omitted
Caused by: com.alibaba.nacos.shaded.io.grpc.netty.shaded.io.netty.channel.AbstractChannel$AnnotatedSocketException: Network is unreachable: /123.249.79.51:9848
Caused by: java.net.SocketException: Network is unreachable
	at sun.nio.ch.Net.connect0(Native Method)
	at sun.nio.ch.Net.connect(Net.java:459)
	at sun.nio.ch.Net.connect(Net.java:451)
	at sun.nio.ch.SocketChannelImpl.connect(SocketChannelImpl.java:646)
	at com.alibaba.nacos.shaded.io.grpc.netty.shaded.io.netty.util.internal.SocketUtils$3.run(SocketUtils.java:83)
	at com.alibaba.nacos.shaded.io.grpc.netty.shaded.io.netty.util.internal.SocketUtils$3.run(SocketUtils.java:80)
	at java.security.AccessController.doPrivileged(Native Method)
	at com.alibaba.nacos.shaded.io.grpc.netty.shaded.io.netty.util.internal.SocketUtils.connect(SocketUtils.java:80)
	at com.alibaba.nacos.shaded.io.grpc.netty.shaded.io.netty.channel.socket.nio.NioSocketChannel.doConnect(NioSocketChannel.java:312)
	at com.alibaba.nacos.shaded.io.grpc.netty.shaded.io.netty.channel.nio.AbstractNioChannel$AbstractNioUnsafe.connect(AbstractNioChannel.java:250)
	at com.alibaba.nacos.shaded.io.grpc.netty.shaded.io.netty.channel.DefaultChannelPipeline$HeadContext.connect(DefaultChannelPipeline.java:1353)
	at com.alibaba.nacos.shaded.io.grpc.netty.shaded.io.netty.channel.AbstractChannelHandlerContext.invokeConnect(AbstractChannelHandlerContext.java:547)
	at com.alibaba.nacos.shaded.io.grpc.netty.shaded.io.netty.channel.AbstractChannelHandlerContext.connect(AbstractChannelHandlerContext.java:532)
	at com.alibaba.nacos.shaded.io.grpc.netty.shaded.io.netty.channel.ChannelDuplexHandler.connect(ChannelDuplexHandler.java:54)
	at com.alibaba.nacos.shaded.io.grpc.netty.shaded.io.grpc.netty.WriteBufferingAndExceptionHandler.connect(WriteBufferingAndExceptionHandler.java:150)
	at com.alibaba.nacos.shaded.io.grpc.netty.shaded.io.netty.channel.AbstractChannelHandlerContext.invokeConnect(AbstractChannelHandlerContext.java:547)
	at com.alibaba.nacos.shaded.io.grpc.netty.shaded.io.netty.channel.AbstractChannelHandlerContext.access$1000(AbstractChannelHandlerContext.java:56)
	at com.alibaba.nacos.shaded.io.grpc.netty.shaded.io.netty.channel.AbstractChannelHandlerContext$9.run(AbstractChannelHandlerContext.java:537)
	at com.alibaba.nacos.shaded.io.grpc.netty.shaded.io.netty.util.concurrent.AbstractEventExecutor.safeExecute(AbstractEventExecutor.java:163)
	at com.alibaba.nacos.shaded.io.grpc.netty.shaded.io.netty.util.concurrent.SingleThreadEventExecutor.runAllTasks(SingleThreadEventExecutor.java:416)
	at com.alibaba.nacos.shaded.io.grpc.netty.shaded.io.netty.channel.nio.NioEventLoop.run(NioEventLoop.java:515)
	at com.alibaba.nacos.shaded.io.grpc.netty.shaded.io.netty.util.concurrent.SingleThreadEventExecutor$5.run(SingleThreadEventExecutor.java:918)
	at com.alibaba.nacos.shaded.io.grpc.netty.shaded.io.netty.util.internal.ThreadExecutorMap$2.run(ThreadExecutorMap.java:74)
	at com.alibaba.nacos.shaded.io.grpc.netty.shaded.io.netty.util.concurrent.FastThreadLocalRunnable.run(FastThreadLocalRunnable.java:30)
	at java.lang.Thread.run(Thread.java:750)
21:39:17.667 [32m[com.alibaba.nacos.client.remote.worker][0;39m ERROR [34mc.a.n.c.r.c.g.GrpcClient[0;39m - [printIfErrorEnabled,99] - Server check fail, please check server 123.249.79.51 ,port 9848 is available , error ={}
java.util.concurrent.TimeoutException: Waited 3000 milliseconds (plus 2 milliseconds, 161583 nanoseconds delay) for com.alibaba.nacos.shaded.io.grpc.stub.ClientCalls$GrpcFuture@205523a7[status=PENDING, info=[GrpcFuture{clientCall={delegate={delegate=ClientCallImpl{method=MethodDescriptor{fullMethodName=Request/request, type=UNARY, idempotent=false, safe=false, sampledToLocalTracing=true, requestMarshaller=com.alibaba.nacos.shaded.io.grpc.protobuf.lite.ProtoLiteUtils$MessageMarshaller@52a77c2e, responseMarshaller=com.alibaba.nacos.shaded.io.grpc.protobuf.lite.ProtoLiteUtils$MessageMarshaller@3a962a5, schemaDescriptor=com.alibaba.nacos.api.grpc.auto.RequestGrpc$RequestMethodDescriptorSupplier@53bae327}}}}}]]
	at com.alibaba.nacos.shaded.com.google.common.util.concurrent.AbstractFuture.get(AbstractFuture.java:508)
	at com.alibaba.nacos.common.remote.client.grpc.GrpcClient.serverCheck(GrpcClient.java:148)
	at com.alibaba.nacos.common.remote.client.grpc.GrpcClient.connectToServer(GrpcClient.java:264)
	at com.alibaba.nacos.common.remote.client.RpcClient.reconnect(RpcClient.java:522)
	at com.alibaba.nacos.common.remote.client.RpcClient.lambda$start$2(RpcClient.java:370)
	at java.util.concurrent.Executors$RunnableAdapter.call(Executors.java:511)
	at java.util.concurrent.FutureTask.run$$$capture(FutureTask.java:266)
	at java.util.concurrent.FutureTask.run(FutureTask.java)
	at java.util.concurrent.ScheduledThreadPoolExecutor$ScheduledFutureTask.access$201(ScheduledThreadPoolExecutor.java:180)
	at java.util.concurrent.ScheduledThreadPoolExecutor$ScheduledFutureTask.run(ScheduledThreadPoolExecutor.java:293)
	at java.util.concurrent.ThreadPoolExecutor.runWorker(ThreadPoolExecutor.java:1149)
	at java.util.concurrent.ThreadPoolExecutor$Worker.run(ThreadPoolExecutor.java:624)
	at java.lang.Thread.run(Thread.java:750)
21:39:18.250 [32m[com.alibaba.nacos.client.remote.worker][0;39m ERROR [34mc.a.n.c.r.c.g.GrpcClient[0;39m - [printIfErrorEnabled,99] - Server check fail, please check server 123.249.79.51 ,port 9848 is available , error ={}
java.util.concurrent.TimeoutException: Waited 3000 milliseconds (plus 3 milliseconds, 696250 nanoseconds delay) for com.alibaba.nacos.shaded.io.grpc.stub.ClientCalls$GrpcFuture@45c488c3[status=PENDING, info=[GrpcFuture{clientCall={delegate={delegate=ClientCallImpl{method=MethodDescriptor{fullMethodName=Request/request, type=UNARY, idempotent=false, safe=false, sampledToLocalTracing=true, requestMarshaller=com.alibaba.nacos.shaded.io.grpc.protobuf.lite.ProtoLiteUtils$MessageMarshaller@52a77c2e, responseMarshaller=com.alibaba.nacos.shaded.io.grpc.protobuf.lite.ProtoLiteUtils$MessageMarshaller@3a962a5, schemaDescriptor=com.alibaba.nacos.api.grpc.auto.RequestGrpc$RequestMethodDescriptorSupplier@53bae327}}}}}]]
	at com.alibaba.nacos.shaded.com.google.common.util.concurrent.AbstractFuture.get(AbstractFuture.java:508)
	at com.alibaba.nacos.common.remote.client.grpc.GrpcClient.serverCheck(GrpcClient.java:148)
	at com.alibaba.nacos.common.remote.client.grpc.GrpcClient.connectToServer(GrpcClient.java:264)
	at com.alibaba.nacos.common.remote.client.RpcClient.reconnect(RpcClient.java:522)
	at com.alibaba.nacos.common.remote.client.RpcClient.lambda$start$2(RpcClient.java:370)
	at java.util.concurrent.Executors$RunnableAdapter.call(Executors.java:511)
	at java.util.concurrent.FutureTask.run$$$capture(FutureTask.java:266)
	at java.util.concurrent.FutureTask.run(FutureTask.java)
	at java.util.concurrent.ScheduledThreadPoolExecutor$ScheduledFutureTask.access$201(ScheduledThreadPoolExecutor.java:180)
	at java.util.concurrent.ScheduledThreadPoolExecutor$ScheduledFutureTask.run(ScheduledThreadPoolExecutor.java:293)
	at java.util.concurrent.ThreadPoolExecutor.runWorker(ThreadPoolExecutor.java:1149)
	at java.util.concurrent.ThreadPoolExecutor$Worker.run(ThreadPoolExecutor.java:624)
	at java.lang.Thread.run(Thread.java:750)
21:39:21.366 [32m[com.alibaba.nacos.client.Worker][0;39m ERROR [34mc.a.n.c.r.client[0;39m - [printIfErrorEnabled,99] - Send request fail, request = ConfigBatchListenRequest{headers={charset=UTF-8, Client-AppName=unknown, Client-RequestToken=ccfca760d13e7c314cd4ea4f2a9bb6b1, Client-RequestTS=1714225161248, exConfigInfo=true, Timestamp=1714225161250}, requestId='null'}, retryTimes = 0, errorMessage = Client not connected, current status:UNHEALTHY
21:39:21.407 [32m[SpringApplicationShutdownHook][0;39m ERROR [34mc.a.n.c.r.client[0;39m - [printIfErrorEnabled,99] - Send request fail, request = SubscribeServiceRequest{headers={app=unknown}, requestId='null'}, retryTimes = 0, errorMessage = Client not connected, current status:UNHEALTHY
21:39:21.473 [32m[com.alibaba.nacos.client.Worker][0;39m ERROR [34mc.a.n.c.r.client[0;39m - [printIfErrorEnabled,99] - Send request fail, request = ConfigBatchListenRequest{headers={charset=UTF-8, Client-AppName=unknown, Client-RequestToken=ccfca760d13e7c314cd4ea4f2a9bb6b1, Client-RequestTS=1714225161248, exConfigInfo=true, Timestamp=1714225161250}, requestId='null'}, retryTimes = 1, errorMessage = Client not connected, current status:UNHEALTHY
21:39:21.511 [32m[SpringApplicationShutdownHook][0;39m ERROR [34mc.a.n.c.r.client[0;39m - [printIfErrorEnabled,99] - Send request fail, request = SubscribeServiceRequest{headers={app=unknown}, requestId='null'}, retryTimes = 1, errorMessage = Client not connected, current status:UNHEALTHY
21:39:21.575 [32m[com.alibaba.nacos.client.Worker][0;39m ERROR [34mc.a.n.c.r.client[0;39m - [printIfErrorEnabled,99] - Send request fail, request = ConfigBatchListenRequest{headers={charset=UTF-8, Client-AppName=unknown, Client-RequestToken=ccfca760d13e7c314cd4ea4f2a9bb6b1, Client-RequestTS=1714225161248, exConfigInfo=true, Timestamp=1714225161250}, requestId='null'}, retryTimes = 2, errorMessage = Client not connected, current status:UNHEALTHY
21:39:21.616 [32m[SpringApplicationShutdownHook][0;39m ERROR [34mc.a.n.c.r.client[0;39m - [printIfErrorEnabled,99] - Send request fail, request = SubscribeServiceRequest{headers={app=unknown}, requestId='null'}, retryTimes = 2, errorMessage = Client not connected, current status:UNHEALTHY
21:39:21.632 [32m[SpringApplicationShutdownHook][0;39m ERROR [34mc.a.c.n.d.NacosWatch[0;39m - [stop,178] - namingService unsubscribe failed, properties:NacosDiscoveryProperties{serverAddr='123.249.79.51:8848', username='', password='', endpoint='', namespace='', watchDelay=30000, logName='', service='container-communicate', weight=1.0, clusterName='DEFAULT', group='DEFAULT_GROUP', namingLoadCacheAtStart='false', metadata={preserved.register.source=SPRING_CLOUD}, registerEnabled=true, ip='172.18.165.220', networkInterface='', port=9963, secure=false, accessKey='', secretKey='', heartBeatInterval=null, heartBeatTimeout=null, ipDeleteTimeout=null, instanceEnabled=true, ephemeral=true, failureToleranceEnabled=false}, ipDeleteTimeout=null, failFast=true}
com.alibaba.nacos.api.exception.NacosException: Request nacos server failed: 
	at com.alibaba.nacos.client.naming.remote.gprc.NamingGrpcClientProxy.requestToServer(NamingGrpcClientProxy.java:290)
	at com.alibaba.nacos.client.naming.remote.gprc.NamingGrpcClientProxy.doUnsubscribe(NamingGrpcClientProxy.java:260)
	at com.alibaba.nacos.client.naming.remote.gprc.NamingGrpcClientProxy.unsubscribe(NamingGrpcClientProxy.java:241)
	at com.alibaba.nacos.client.naming.remote.NamingClientProxyDelegate.unsubscribe(NamingClientProxyDelegate.java:157)
	at com.alibaba.nacos.client.naming.NacosNamingService.unsubscribe(NacosNamingService.java:417)
	at com.alibaba.cloud.nacos.discovery.NacosWatch.stop(NacosWatch.java:174)
	at com.alibaba.cloud.nacos.discovery.NacosWatch.stop(NacosWatch.java:107)
	at org.springframework.context.support.DefaultLifecycleProcessor.doStop(DefaultLifecycleProcessor.java:234)
	at org.springframework.context.support.DefaultLifecycleProcessor.access$300(DefaultLifecycleProcessor.java:54)
	at org.springframework.context.support.DefaultLifecycleProcessor$LifecycleGroup.stop(DefaultLifecycleProcessor.java:373)
	at org.springframework.context.support.DefaultLifecycleProcessor.stopBeans(DefaultLifecycleProcessor.java:206)
	at org.springframework.context.support.DefaultLifecycleProcessor.onClose(DefaultLifecycleProcessor.java:129)
	at org.springframework.context.support.AbstractApplicationContext.doClose(AbstractApplicationContext.java:1067)
	at org.springframework.boot.web.servlet.context.ServletWebServerApplicationContext.doClose(ServletWebServerApplicationContext.java:174)
	at org.springframework.context.support.AbstractApplicationContext.close(AbstractApplicationContext.java:1021)
	at org.springframework.boot.SpringApplicationShutdownHook.closeAndWait(SpringApplicationShutdownHook.java:145)
	at java.lang.Iterable.forEach(Iterable.java:75)
	at org.springframework.boot.SpringApplicationShutdownHook.run(SpringApplicationShutdownHook.java:114)
	at java.lang.Thread.run(Thread.java:750)
Caused by: com.alibaba.nacos.api.exception.NacosException: Client not connected, current status:UNHEALTHY
	at com.alibaba.nacos.common.remote.client.RpcClient.request(RpcClient.java:650)
	at com.alibaba.nacos.common.remote.client.RpcClient.request(RpcClient.java:630)
	at com.alibaba.nacos.client.naming.remote.gprc.NamingGrpcClientProxy.requestToServer(NamingGrpcClientProxy.java:280)
	... 18 common frames omitted
21:39:21.754 [32m[com.alibaba.nacos.client.remote.worker][0;39m ERROR [34mc.a.n.c.r.c.g.GrpcClient[0;39m - [printIfErrorEnabled,99] - Server check fail, please check server 123.249.79.51 ,port 9848 is available , error ={}
java.util.concurrent.TimeoutException: Waited 3000 milliseconds (plus 9 milliseconds, 15250 nanoseconds delay) for com.alibaba.nacos.shaded.io.grpc.stub.ClientCalls$GrpcFuture@135cf988[status=PENDING, info=[GrpcFuture{clientCall={delegate={delegate=ClientCallImpl{method=MethodDescriptor{fullMethodName=Request/request, type=UNARY, idempotent=false, safe=false, sampledToLocalTracing=true, requestMarshaller=com.alibaba.nacos.shaded.io.grpc.protobuf.lite.ProtoLiteUtils$MessageMarshaller@52a77c2e, responseMarshaller=com.alibaba.nacos.shaded.io.grpc.protobuf.lite.ProtoLiteUtils$MessageMarshaller@3a962a5, schemaDescriptor=com.alibaba.nacos.api.grpc.auto.RequestGrpc$RequestMethodDescriptorSupplier@53bae327}}}}}]]
	at com.alibaba.nacos.shaded.com.google.common.util.concurrent.AbstractFuture.get(AbstractFuture.java:508)
	at com.alibaba.nacos.common.remote.client.grpc.GrpcClient.serverCheck(GrpcClient.java:148)
	at com.alibaba.nacos.common.remote.client.grpc.GrpcClient.connectToServer(GrpcClient.java:264)
	at com.alibaba.nacos.common.remote.client.RpcClient.reconnect(RpcClient.java:522)
	at com.alibaba.nacos.common.remote.client.RpcClient.lambda$start$2(RpcClient.java:370)
	at java.util.concurrent.Executors$RunnableAdapter.call(Executors.java:511)
	at java.util.concurrent.FutureTask.run$$$capture(FutureTask.java:266)
	at java.util.concurrent.FutureTask.run(FutureTask.java)
	at java.util.concurrent.ScheduledThreadPoolExecutor$ScheduledFutureTask.access$201(ScheduledThreadPoolExecutor.java:180)
	at java.util.concurrent.ScheduledThreadPoolExecutor$ScheduledFutureTask.run(ScheduledThreadPoolExecutor.java:293)
	at java.util.concurrent.ThreadPoolExecutor.runWorker(ThreadPoolExecutor.java:1149)
	at java.util.concurrent.ThreadPoolExecutor$Worker.run(ThreadPoolExecutor.java:624)
	at java.lang.Thread.run(Thread.java:750)
21:39:21.844 [32m[com.alibaba.nacos.client.Worker][0;39m ERROR [34mc.a.n.c.r.client[0;39m - [printIfErrorEnabled,99] - Send request fail, request = ConfigBatchListenRequest{headers={charset=UTF-8, Client-AppName=unknown, Client-RequestToken=de2058182551ac69f4e74a20be2fe591, Client-RequestTS=1714225161728, exConfigInfo=true, Timestamp=1714225161731}, requestId='null'}, retryTimes = 0, errorMessage = Client not connected, current status:UNHEALTHY
21:39:21.948 [32m[com.alibaba.nacos.client.Worker][0;39m ERROR [34mc.a.n.c.r.client[0;39m - [printIfErrorEnabled,99] - Send request fail, request = ConfigBatchListenRequest{headers={charset=UTF-8, Client-AppName=unknown, Client-RequestToken=de2058182551ac69f4e74a20be2fe591, Client-RequestTS=1714225161728, exConfigInfo=true, Timestamp=1714225161731}, requestId='null'}, retryTimes = 1, errorMessage = Client not connected, current status:UNHEALTHY
21:39:21.980 [32m[SpringApplicationShutdownHook][0;39m ERROR [34mc.a.n.c.r.client[0;39m - [printIfErrorEnabled,99] - Send request fail, request = InstanceRequest{headers={app=unknown}, requestId='null'}, retryTimes = 0, errorMessage = Client not connected, current status:UNHEALTHY
21:39:22.062 [32m[com.alibaba.nacos.client.Worker][0;39m ERROR [34mc.a.n.c.r.client[0;39m - [printIfErrorEnabled,99] - Send request fail, request = ConfigBatchListenRequest{headers={charset=UTF-8, Client-AppName=unknown, Client-RequestToken=de2058182551ac69f4e74a20be2fe591, Client-RequestTS=1714225161728, exConfigInfo=true, Timestamp=1714225161731}, requestId='null'}, retryTimes = 2, errorMessage = Client not connected, current status:UNHEALTHY
21:39:22.085 [32m[SpringApplicationShutdownHook][0;39m ERROR [34mc.a.n.c.r.client[0;39m - [printIfErrorEnabled,99] - Send request fail, request = InstanceRequest{headers={app=unknown}, requestId='null'}, retryTimes = 1, errorMessage = Client not connected, current status:UNHEALTHY
21:39:22.188 [32m[SpringApplicationShutdownHook][0;39m ERROR [34mc.a.n.c.r.client[0;39m - [printIfErrorEnabled,99] - Send request fail, request = InstanceRequest{headers={app=unknown}, requestId='null'}, retryTimes = 2, errorMessage = Client not connected, current status:UNHEALTHY
21:39:22.189 [32m[SpringApplicationShutdownHook][0;39m ERROR [34mc.a.c.n.r.NacosServiceRegistry[0;39m - [deregister,110] - ERR_NACOS_DEREGISTER, de-register failed...NacosRegistration{nacosDiscoveryProperties=NacosDiscoveryProperties{serverAddr='123.249.79.51:8848', username='', password='', endpoint='', namespace='', watchDelay=30000, logName='', service='container-communicate', weight=1.0, clusterName='DEFAULT', group='DEFAULT_GROUP', namingLoadCacheAtStart='false', metadata={preserved.register.source=SPRING_CLOUD}, registerEnabled=true, ip='172.18.165.220', networkInterface='', port=9963, secure=false, accessKey='', secretKey='', heartBeatInterval=null, heartBeatTimeout=null, ipDeleteTimeout=null, instanceEnabled=true, ephemeral=true, failureToleranceEnabled=false}, ipDeleteTimeout=null, failFast=true}},
com.alibaba.nacos.api.exception.NacosException: Request nacos server failed: 
	at com.alibaba.nacos.client.naming.remote.gprc.NamingGrpcClientProxy.requestToServer(NamingGrpcClientProxy.java:290)
	at com.alibaba.nacos.client.naming.remote.gprc.NamingGrpcClientProxy.doDeregisterService(NamingGrpcClientProxy.java:153)
	at com.alibaba.nacos.client.naming.remote.gprc.NamingGrpcClientProxy.deregisterService(NamingGrpcClientProxy.java:139)
	at com.alibaba.nacos.client.naming.remote.NamingClientProxyDelegate.deregisterService(NamingClientProxyDelegate.java:99)
	at com.alibaba.nacos.client.naming.NacosNamingService.deregisterInstance(NacosNamingService.java:180)
	at com.alibaba.nacos.client.naming.NacosNamingService.deregisterInstance(NacosNamingService.java:170)
	at com.alibaba.cloud.nacos.registry.NacosServiceRegistry.deregister(NacosServiceRegistry.java:106)
	at org.springframework.cloud.client.serviceregistry.AbstractAutoServiceRegistration.deregister(AbstractAutoServiceRegistration.java:249)
	at org.springframework.cloud.client.serviceregistry.AbstractAutoServiceRegistration.stop(AbstractAutoServiceRegistration.java:264)
	at org.springframework.cloud.client.serviceregistry.AbstractAutoServiceRegistration.destroy(AbstractAutoServiceRegistration.java:201)
	at sun.reflect.NativeMethodAccessorImpl.invoke0(Native Method)
	at sun.reflect.NativeMethodAccessorImpl.invoke(NativeMethodAccessorImpl.java:62)
	at sun.reflect.DelegatingMethodAccessorImpl.invoke(DelegatingMethodAccessorImpl.java:43)
	at java.lang.reflect.Method.invoke(Method.java:498)
	at org.springframework.beans.factory.annotation.InitDestroyAnnotationBeanPostProcessor$LifecycleElement.invoke(InitDestroyAnnotationBeanPostProcessor.java:389)
	at org.springframework.beans.factory.annotation.InitDestroyAnnotationBeanPostProcessor$LifecycleMetadata.invokeDestroyMethods(InitDestroyAnnotationBeanPostProcessor.java:347)
	at org.springframework.beans.factory.annotation.InitDestroyAnnotationBeanPostProcessor.postProcessBeforeDestruction(InitDestroyAnnotationBeanPostProcessor.java:177)
	at org.springframework.beans.factory.support.DisposableBeanAdapter.destroy(DisposableBeanAdapter.java:197)
	at org.springframework.beans.factory.support.DefaultSingletonBeanRegistry.destroyBean(DefaultSingletonBeanRegistry.java:587)
	at org.springframework.beans.factory.support.DefaultSingletonBeanRegistry.destroySingleton(DefaultSingletonBeanRegistry.java:559)
	at org.springframework.beans.factory.support.DefaultListableBeanFactory.destroySingleton(DefaultListableBeanFactory.java:1163)
	at org.springframework.beans.factory.support.DefaultSingletonBeanRegistry.destroySingletons(DefaultSingletonBeanRegistry.java:520)
	at org.springframework.beans.factory.support.DefaultListableBeanFactory.destroySingletons(DefaultListableBeanFactory.java:1156)
	at org.springframework.context.support.AbstractApplicationContext.destroyBeans(AbstractApplicationContext.java:1106)
	at org.springframework.context.support.AbstractApplicationContext.doClose(AbstractApplicationContext.java:1075)
	at org.springframework.boot.web.servlet.context.ServletWebServerApplicationContext.doClose(ServletWebServerApplicationContext.java:174)
	at org.springframework.context.support.AbstractApplicationContext.close(AbstractApplicationContext.java:1021)
	at org.springframework.boot.SpringApplicationShutdownHook.closeAndWait(SpringApplicationShutdownHook.java:145)
	at java.lang.Iterable.forEach(Iterable.java:75)
	at org.springframework.boot.SpringApplicationShutdownHook.run(SpringApplicationShutdownHook.java:114)
	at java.lang.Thread.run(Thread.java:750)
Caused by: com.alibaba.nacos.api.exception.NacosException: Client not connected, current status:UNHEALTHY
	at com.alibaba.nacos.common.remote.client.RpcClient.request(RpcClient.java:650)
	at com.alibaba.nacos.common.remote.client.RpcClient.request(RpcClient.java:630)
	at com.alibaba.nacos.client.naming.remote.gprc.NamingGrpcClientProxy.requestToServer(NamingGrpcClientProxy.java:280)
	... 30 common frames omitted
21:39:22.480 [32m[com.alibaba.nacos.client.remote.worker][0;39m ERROR [34mc.a.n.c.r.c.g.GrpcClient[0;39m - [printIfErrorEnabled,99] - Server check fail, please check server 123.249.79.51 ,port 9848 is available , error ={}
java.util.concurrent.TimeoutException: Waited 3000 milliseconds (plus 834375 nanoseconds delay) for com.alibaba.nacos.shaded.io.grpc.stub.ClientCalls$GrpcFuture@5d69986a[status=PENDING, info=[GrpcFuture{clientCall={delegate={delegate=ClientCallImpl{method=MethodDescriptor{fullMethodName=Request/request, type=UNARY, idempotent=false, safe=false, sampledToLocalTracing=true, requestMarshaller=com.alibaba.nacos.shaded.io.grpc.protobuf.lite.ProtoLiteUtils$MessageMarshaller@52a77c2e, responseMarshaller=com.alibaba.nacos.shaded.io.grpc.protobuf.lite.ProtoLiteUtils$MessageMarshaller@3a962a5, schemaDescriptor=com.alibaba.nacos.api.grpc.auto.RequestGrpc$RequestMethodDescriptorSupplier@53bae327}}}}}]]
	at com.alibaba.nacos.shaded.com.google.common.util.concurrent.AbstractFuture.get(AbstractFuture.java:508)
	at com.alibaba.nacos.common.remote.client.grpc.GrpcClient.serverCheck(GrpcClient.java:148)
	at com.alibaba.nacos.common.remote.client.grpc.GrpcClient.connectToServer(GrpcClient.java:264)
	at com.alibaba.nacos.common.remote.client.RpcClient.reconnect(RpcClient.java:522)
	at com.alibaba.nacos.common.remote.client.RpcClient.lambda$start$2(RpcClient.java:370)
	at java.util.concurrent.Executors$RunnableAdapter.call(Executors.java:511)
	at java.util.concurrent.FutureTask.run$$$capture(FutureTask.java:266)
	at java.util.concurrent.FutureTask.run(FutureTask.java)
	at java.util.concurrent.ScheduledThreadPoolExecutor$ScheduledFutureTask.access$201(ScheduledThreadPoolExecutor.java:180)
	at java.util.concurrent.ScheduledThreadPoolExecutor$ScheduledFutureTask.run(ScheduledThreadPoolExecutor.java:293)
	at java.util.concurrent.ThreadPoolExecutor.runWorker(ThreadPoolExecutor.java:1149)
	at java.util.concurrent.ThreadPoolExecutor$Worker.run(ThreadPoolExecutor.java:624)
	at java.lang.Thread.run(Thread.java:750)
21:43:03.493 [32m[nioEventLoopGroup-5-1][0;39m ERROR [34mc.f.c.p.n.h.KeNaiStrategySelectHandler[0;39m - [exceptionCaught,70] - exceptionCaught : Adjusted frame length exceeds 1024: 8960 - discarded
